csv_path,public_score,origin,author,submission_id,version_id,sample_spearman_to_s14,sample_mean_abs_rank_diff,sample_median_abs_rank_diff,screening_score
own/own_001_56510229.csv,0.94657,own,jazivxt,56510229,,0.997455488457233,330.68248,214.0,0.17735609234214333
own/own_002_56509658.csv,0.94657,own,jazivxt,56509658,,0.9974655593270649,329.66764,213.0,0.17727552538348768
own/own_003_56509671.csv,0.94657,own,jazivxt,56509671,,0.9975456688457817,324.52256,208.0,0.17663464923375383
own/own_004_56509901.csv,0.94657,own,jazivxt,56509901,,0.9974251167476827,332.1938,214.0,0.17759906601854514
own/own_005_56510108.csv,0.94657,own,jazivxt,56510108,,0.997481324440686,328.85408,212.5,0.17714940447451877
own/own_006_56477811.csv,0.94657,own,jazivxt,56477811,,0.9973834264528862,334.68868,217.0,0.17793258837691717
own/own_007_56509863.csv,0.94657,own,jazivxt,56509863,,0.9974661089506821,329.60804,213.0,0.17727112839455028
own/own_008_56477723.csv,0.94657,own,jazivxt,56477723,,0.9973933958837645,333.70064,215.5,0.17785283292989096
own/own_009_56509923.csv,0.94657,own,jazivxt,56509923,,0.9973933993306769,333.6616,215.0,0.17785280535459158
own/own_010_56452029.csv,0.94656,own,jazivxt,56452029,,0.9969312022263034,359.57876,232.5,0.18055038218957353
own/own_011_56451994.csv,0.94656,own,jazivxt,56451994,,0.9969407146148487,358.73928,231.5,0.18047428308121116
own/own_012_56451916.csv,0.94656,own,jazivxt,56451916,,0.9968993391413713,360.50036,233.0,0.1808052868690302
own/own_013_56451979.csv,0.94656,own,jazivxt,56451979,,0.9968976812926981,360.56984,233.0,0.18081854965841604
own/own_014_56369364.csv,0.94656,own,jazivxt,56369364,,0.9968945416045172,360.91668,233.0,0.18084366716386313
own/own_015_56451924.csv,0.94656,own,jazivxt,56451924,,0.9968756362363952,362.54212,235.25,0.18099491010883906
own/own_016_56451904.csv,0.94656,own,jazivxt,56451904,,0.9968899019020306,361.3124,234.0,0.18088078478375547
own/own_017_56369287.csv,0.94656,own,jazivxt,56369287,,0.9969038022889942,360.12368,232.5,0.1807695816880468
own/own_018_56451952.csv,0.94656,own,jazivxt,56451952,,0.9968995543158707,360.6068,233.0,0.18080356547303467
own/own_019_56451936.csv,0.94656,own,jazivxt,56451936,,0.9969000383597756,360.51552,233.0,0.1807996931217959
own/own_020_56451943.csv,0.94656,own,jazivxt,56451943,,0.9969011741549774,360.54416,233.0,0.18079060676018166
own/own_021_56368879.csv,0.94656,own,jazivxt,56368879,,0.996865600249667,361.49488,233.0,0.1810751980026648
own/own_022_56368792.csv,0.94656,own,jazivxt,56368792,,0.9968662905353957,361.46376,233.0,0.1810696757168353
own/own_023_56367897.csv,0.94656,own,jazivxt,56367897,,0.9968597924045112,361.88392,234.0,0.18112166076391123
public/amanatar__s6e9-grandmaster-sota-meta-blend/v350954426_fe53e31e248d.csv,0.94656,public,amanatar,56345994,350954426.0,0.9968264195108898,362.1208,235.0,0.18138864391288223
public/amanatar__s6e9-samart-sota-meta-blend-lb-0-94656-champion/v350955087_fe53e31e248d.csv,0.94656,public,amanatar,56346091,350955087.0,0.9968264195108898,362.1208,235.0,0.18138864391288223
public/megayak__s6e9-0-94656-reading-the-public-split/v350941977_23052891f418.csv,0.94656,public,megayak,56344249,350941977.0,0.996902819975908,361.088,232.0,0.18077744019273645
public/nina2025__ps-s6e9-top-subm-will-buy-ev-round-4/v350957112_3d48f677f236.csv,0.94656,public,nina2025,56346357,350957112.0,0.9969028600919688,361.08212,232.5,0.18077711926425
public/nina2025__ps-s6e9-top-subm-will-buy-ev-round-5/v350960069_8388ea855b8b.csv,0.94656,public,nina2025,56346820,350960069.0,0.9968588510360951,361.75108,233.5,0.1811291917112401
public/nina2025__ps-s6e9-top-subm-will-buy-ev-round-5/v350960595_0fd0cba50046.csv,0.94656,public,nina2025,56346922,350960595.0,0.9968601030504433,361.73316,233.0,0.18111917559645452
own/own_024_56451962.csv,0.94655,own,jazivxt,56451962,,0.9969069164180264,359.75864,232.0,0.17974466865579375
own/own_025_56322031.csv,0.94651,own,jazivxt,56322031,,0.9977378704084702,289.47172,186.0,0.16909703673223975
own/own_026_56367414.csv,0.94651,own,jazivxt,56367414,,0.9977378856767225,289.47168,186.0,0.16909691458622111
own/own_027_56322001.csv,0.94651,own,jazivxt,56322001,,0.9977170074664908,290.0304,187.0,0.16926394026807445
own/own_028_56322006.csv,0.94651,own,jazivxt,56322006,,0.9977423007833248,291.0,188.0,0.16906159373340257
own/own_029_56322072.csv,0.94651,own,jazivxt,56322072,,0.9977364519646927,289.60732,186.0,0.16910838428245922
own/own_030_56321992.csv,0.94651,own,jazivxt,56321992,,0.9977173562657782,289.91108,187.0,0.16926114987377572
own/own_031_56321945.csv,0.94651,own,jazivxt,56321945,,0.99766068464194,291.32604,188.0,0.16971452286448097
own/own_032_56301988.csv,0.94651,own,jazivxt,56301988,,0.997624581580903,290.55736,188.0,0.17000334735277756
own/own_033_56301469.csv,0.94651,own,jazivxt,56301469,,0.9976245757656069,290.55688,188.0,0.17000339387514574
own/own_034_56301507.csv,0.94651,own,jazivxt,56301507,,0.9976247763564553,290.61288,188.0,0.17000178914835873
own/own_035_56301773.csv,0.94651,own,jazivxt,56301773,,0.997624626991975,290.58872,188.0,0.17000298406420145
own/own_036_56321951.csv,0.94651,own,jazivxt,56321951,,0.997660265245216,291.4772,188.0,0.1697178780382731
own/own_037_56267408.csv,0.94651,own,jazivxt,56267408,,0.9976636441683575,290.20864,187.0,0.16969084665314105
own/own_038_56267573.csv,0.94651,own,jazivxt,56267573,,0.9976721636073418,289.95564,187.0,0.16962269114126682
own/own_039_56321937.csv,0.94651,own,jazivxt,56321937,,0.9976245333666308,290.65832,188.0,0.1700037330669546
own/own_040_56267624.csv,0.94651,own,jazivxt,56267624,,0.997662771099812,290.29608,187.0,0.16969783120150472
public/megayak__s6e9-where-the-0-94651-comes-from/v350440825_27a8651af649.csv,0.94651,public,megayak,56291379,350440825.0,0.997655297247128,290.88424,187.0,0.16975762202297728
public/sometimessubodh__0-94651-breaking-0-94650-lasso-meta-stack/v350329982_f3b7ca00323c.csv,0.94651,public,sometimessubodh,56280251,350329982.0,0.9975906364278246,290.65192,188.0,0.17027490857740402
own/own_041_56267495.csv,0.9465,own,jazivxt,56267495,,0.9977068459413456,290.5754,188.0,0.1683452324692407
own/own_042_56300266.csv,0.9465,own,jazivxt,56300266,,0.9976263853978659,290.25944,188.0,0.16898891681707884
own/own_043_56267513.csv,0.9465,own,jazivxt,56267513,,0.99767422097279,290.4352,187.0,0.16860623221768556
own/own_044_56266788.csv,0.9465,own,jazivxt,56266788,,0.9976630106013804,290.01576,187.0,0.16869591518896243
own/own_045_56267442.csv,0.9465,own,jazivxt,56267442,,0.9976993794340009,290.24324,187.0,0.16840496452799858
own/own_046_56301739.csv,0.9465,own,jazivxt,56301739,,0.9976074395605236,291.49816,187.0,0.16914048351581723
own/own_047_56321789.csv,0.9465,own,jazivxt,56321789,,0.9976242517740543,290.84664,189.0,0.16900598580757098
own/own_048_56477439.csv,0.9465,own,jazivxt,56477439,,0.9979239665508539,294.05832,191.0,0.16660826759317438
own/own_049_56267429.csv,0.9465,own,jazivxt,56267429,,0.9976622722530913,290.98504,189.0,0.16870182197527495
own/own_050_56321985.csv,0.9465,own,jazivxt,56321985,,0.9976576890253078,292.2508,190.0,0.16873848779754308
own/own_051_56246536.csv,0.9465,own,jazivxt,56246536,,0.9976604027821122,290.0596,187.0,0.168716777743108
own/own_052_56246493.csv,0.9465,own,jazivxt,56246493,,0.9976585107822372,290.17864,187.0,0.16873191374210794
own/own_053_56246505.csv,0.9465,own,jazivxt,56246505,,0.9976615838608982,290.8828,188.0,0.16870732911282005
own/own_054_56246477.csv,0.9465,own,jazivxt,56246477,,0.9976613265198417,289.58968,186.0,0.16870938784127176
own/own_055_56246486.csv,0.9465,own,jazivxt,56246486,,0.9976636925588855,289.02168,186.0,0.16869045952892137
own/own_056_56246521.csv,0.9465,own,jazivxt,56246521,,0.997664602507943,291.60312,188.0,0.16868317993646187
own/own_057_56246518.csv,0.9465,own,jazivxt,56246518,,0.9976704017834723,293.96424,190.0,0.16863678573222707
own/own_058_56239613.csv,0.9465,own,jazivxt,56239613,,0.9977353300994801,285.936,184.0,0.1681173592041647
own/own_059_56239605.csv,0.9465,own,jazivxt,56239605,,0.9976936665575253,285.09368,183.0,0.16845066753980298
own/own_060_56239609.csv,0.9465,own,jazivxt,56239609,,0.9977153335179442,285.48264,183.5,0.16827733185645233
own/own_061_56218759.csv,0.9465,own,jazivxt,56218759,,0.9976722773800192,284.77896,183.0,0.16862178095985225
own/own_062_56218549.csv,0.9465,own,jazivxt,56218549,,0.9977286359733895,283.65808,182.0,0.16817091221289004
own/own_063_56218540.csv,0.9465,own,jazivxt,56218540,,0.9977251696330302,283.87152,182.0,0.16819864293576448
own/own_064_56218399.csv,0.9465,own,jazivxt,56218399,,0.9977269337597547,283.7616,182.0,0.16818452992196775
own/own_065_56218535.csv,0.9465,own,jazivxt,56218535,,0.9977479498847163,283.37712,181.0,0.16801640092227554
own/own_066_56301409.csv,0.9465,own,jazivxt,56301409,,0.9976274106194994,290.44736,188.0,0.16898071504401013
public/crystalbaby__ev-blend/v349959814_bef2a91e2077.csv,0.9465,public,crystalbaby,56245140,349959814.0,0.997424886409223,311.9628,203.0,0.1706009087262217
public/crystalbaby__s6e9-does-breaking-ties-help/v349960071_c414c3a9b190.csv,0.9465,public,crystalbaby,56245158,349960071.0,0.9976433042804466,285.12408,184.0,0.16885356575643318
public/crystalbaby__s6e9-does-breaking-ties-help/v349960590_c414c3a9b190.csv,0.9465,public,crystalbaby,56245201,349960590.0,0.9976433042804466,285.12408,184.0,0.16885356575643318
public/crystalbaby__ev-blend/v349960840_bef2a91e2077.csv,0.9465,public,crystalbaby,56245225,349960840.0,0.997424886409223,311.9628,203.0,0.1706009087262217
public/megayak__s6e9-what-the-0-94650-actually-is/v349931213_57f172cf353e.csv,0.9465,public,megayak,56242493,349931213.0,0.997559661843839,288.34232,185.0,0.16952270524929336
public/megayak__s6e9-the-ceiling-test-is-circular/v349931659_57f172cf353e.csv,0.9465,public,megayak,56242543,349931659.0,0.997559661843839,288.34232,185.0,0.16952270524929336
public/megayak__s6e9-0-94650-forkable-no-private-inputs/v350176635_fed969bc37e2.csv,0.9465,public,megayak,56264944,350176635.0,0.9976216401647061,285.0004,183.0,0.16902687868235677
public/megayak__s6e9-0-94645-from-oof-files-only/v350177174_fed969bc37e2.csv,0.9465,public,megayak,56265062,350177174.0,0.9976216401647061,285.0004,183.0,0.16902687868235677
public/rohitt94__s6e9-ensemble-notebook/v349716703_6b21aa505dd5.csv,0.9465,public,rohitt94,56225244,349716703.0,0.9976163040116096,285.85568,184.0,0.1690695679071288
public/sumitsarkar969__public-rank-blending-playground-series-s6e9/v349727292_a0f200f5a1f6.csv,0.9465,public,sumitsarkar969,56226319,349727292.0,0.9976836683402766,283.40724,181.0,0.16853065327779326
public/talhatursun__s6e9-daily-rank-average-ensemble/v349727990_d4bba5e7119c.csv,0.9465,public,talhatursun,56227167,349727990.0,0.9978841216082913,287.24096,185.0,0.16692702713367513
public/vinay24baghira__s6e9-the-art-of-weighted-blending/v350038427_bef2a91e2077.csv,0.9465,public,vinay24baghira,56252069,350038427.0,0.997424886409223,311.9628,203.0,0.1706009087262217
own/own_067_56246530.csv,0.94649,own,jazivxt,56246530,,0.9979277890385402,280.41416,179.0,0.1655776876916888
own/own_068_56267463.csv,0.94649,own,jazivxt,56267463,,0.9976769583198538,292.38804,188.0,0.16758433344117973
own/own_069_56197564.csv,0.94649,own,jazivxt,56197564,,0.9982590608852331,267.89896,172.0,0.16292751291814556
own/own_070_56198038.csv,0.94649,own,jazivxt,56198038,,0.9982589210276366,267.92604,173.0,0.1629286317789176
own/own_071_56197969.csv,0.94649,own,jazivxt,56197969,,0.9982675490916222,267.26596,173.0,0.16285960726703275
own/own_072_56198520.csv,0.94649,own,jazivxt,56198520,,0.9981555974682131,277.63612,179.0,0.1637552202543051
own/own_073_56300222.csv,0.94649,own,jazivxt,56300222,,0.9976411997262095,288.7556,187.0,0.16787040219033456
own/own_074_56197653.csv,0.94649,own,jazivxt,56197653,,0.9983007280250792,265.03096,172.0,0.16259417579937674
public/amanatar__s6e9-smart-titan-meta-blend/v350299351_27153212a4e4.csv,0.94649,public,amanatar,56277549,350299351.0,0.997604035862086,288.78816,186.0,0.16816771310332213
public/malikhammadfarooq__ev-purchase-does-rounding-noise-move-auc/v349415947_d94176c85fe8.csv,0.94649,public,malikhammadfarooq,56199165,349415947.0,0.9976121270435391,286.74336,184.0,0.16810298365169762
public/taeyangg4__s6e9-094649-multi-paradigm-lexsort-master/v349403620_381e5c9d11e6.csv,0.94649,public,taeyangg4,56198118,349403620.0,0.9976121122242111,286.74648,184.0,0.16810310220632152
public/tamerlanomralinov__s6e9-lb-0-94649-blend-custom-hirge-net/v349723091_a5ae1e649080.csv,0.94649,public,tamerlanomralinov,56225873,349723091.0,0.99762635952797,286.61164,185.0,0.16798912377625053
own/own_075_56246437.csv,0.94648,own,jazivxt,56246437,,0.9977562637258818,284.09488,183.0,0.16594989019294948
own/own_076_56197210.csv,0.94648,own,jazivxt,56197210,,0.9982730901908832,268.20452,173.0,0.1618152784729383
own/own_077_56246229.csv,0.94648,own,jazivxt,56246229,,0.9977565998464583,283.93392,182.0,0.16594720122833762
own/own_078_56218200.csv,0.94647,own,jazivxt,56218200,,0.998270167052912,266.444,172.0,0.16083866357671184
own/own_079_56197152.csv,0.94646,own,jazivxt,56197152,,0.9982327959414844,273.05396,177.0,0.1601376324681265
own/own_080_56300826.csv,0.94646,own,jazivxt,56300826,,0.9976287616359497,291.11776,189.0,0.16496990691240399
own/own_081_56367350.csv,0.94646,own,jazivxt,56367350,,0.997724630263511,292.32148,192.0,0.16420295789191375
own/own_082_56367945.csv,0.94645,own,jazivxt,56367945,,0.9976455838784085,309.13392,199.0,0.16383532897273811
public/crystalbaby__s6e9-0-94645-four-feature-views-beat-the-blend/v349273933_adccb408b861.csv,0.94645,public,crystalbaby,56185589,349273933.0,0.9983316500590705,265.62788,172.0,0.1583467995274419
public/megayak__s6e9-0-94645-four-feature-views-beat-the-blend/v349193825_adccb408b861.csv,0.94645,public,megayak,56179492,349193825.0,0.9983316500590705,265.62788,172.0,0.1583467995274419
public/nina2025__ps-s6e9-honest-round/v349268958_3aaf86cdf441.csv,0.94645,public,nina2025,56185248,349268958.0,0.9983316517421426,265.62436,172.0,0.15834678606286579
public/nina2025__ps-s6e9-ensemble-new-engine-1/v350965988_6261cb63fc49.csv,0.94645,public,nina2025,56347722,350965988.0,0.9983196089293978,266.0796,172.0,0.15844312856482423
public/nina2025__ps-s6e9-ensemble-new-engine-2/v350967460_8a180d7a84f5.csv,0.94645,public,nina2025,56347907,350967460.0,0.9983157630255929,266.05324,171.0,0.15847389579526316
public/nina2025__ps-s6e9-ensemble-new-engine-3/v350969665_6e00d3fc05bf.csv,0.94645,public,nina2025,56348198,350969665.0,0.9983137509804056,265.8582,171.0,0.15848999215676107
own/own_083_56178558.csv,0.94644,own,jazivxt,56178558,,0.9981692195531626,278.88028,179.0,0.1586462435746987
own/own_084_56178523.csv,0.94644,own,jazivxt,56178523,,0.9981701535196924,278.92016,179.0,0.15863877184246045
own/own_085_56178499.csv,0.94644,own,jazivxt,56178499,,0.9981570347120572,280.39556,180.0,0.15874372230354217
own/own_086_56178484.csv,0.94644,own,jazivxt,56178484,,0.9981473908651628,281.41248,181.0,0.1588208730786973
own/own_087_56178470.csv,0.94644,own,jazivxt,56178470,,0.9981486760978048,281.2362,180.0,0.15881059121756147
own/own_088_56178441.csv,0.94644,own,jazivxt,56178441,,0.9981499076904409,281.05808,180.0,0.1588007384764727
own/own_089_56156556.csv,0.94644,own,jazivxt,56156556,,0.9981447777286552,281.5498,181.0,0.15884177817075829
own/own_090_56178400.csv,0.94644,own,jazivxt,56178400,,0.9981429609747322,281.8054,181.0,0.15885631220214202
own/own_091_56156607.csv,0.94644,own,jazivxt,56156607,,0.9981459667641319,281.28176,181.0,0.15883226588694432
own/own_092_56178412.csv,0.94644,own,jazivxt,56178412,,0.9981456486360486,281.42228,181.0,0.1588348109116109
own/own_093_56156501.csv,0.94644,own,jazivxt,56156501,,0.9981464921976371,281.3014,181.0,0.15882806241890313
own/own_094_56178427.csv,0.94644,own,jazivxt,56178427,,0.9981392728666707,282.0668,182.0,0.15888581706663407
own/own_095_56156537.csv,0.94644,own,jazivxt,56156537,,0.9981483107594449,281.047,181.0,0.15881351392444065
own/own_096_56178451.csv,0.94644,own,jazivxt,56178451,,0.9981568128110935,280.41572,180.0,0.1587454975112519
own/own_097_56156471.csv,0.94644,own,jazivxt,56156471,,0.998130426450346,282.70248,182.0,0.1589565883972317
own/own_098_56156417.csv,0.94644,own,jazivxt,56156417,,0.998112248706636,284.27184,183.0,0.15910201034691207
own/own_099_56156397.csv,0.94644,own,jazivxt,56156397,,0.9981081904705457,284.81292,183.0,0.15913447623563437
own/own_100_56156379.csv,0.94644,own,jazivxt,56156379,,0.9981060261840016,285.10284,184.0,0.1591517905279871
own/own_101_56156446.csv,0.94644,own,jazivxt,56156446,,0.9981192121661621,283.259,182.0,0.1590463026707032
own/own_102_56135653.csv,0.94644,own,jazivxt,56135653,,0.9981038909154248,285.38724,184.0,0.15916887267660096
own/own_103_56156518.csv,0.94644,own,jazivxt,56156518,,0.9981712068763982,279.0268,179.0,0.15863034498881445
own/own_104_56135620.csv,0.94644,own,jazivxt,56135620,,0.9980991642348428,286.02648,185.0,0.15920668612125732
own/own_105_56135578.csv,0.94644,own,jazivxt,56135578,,0.9981032202262066,285.51364,184.0,0.15917423819034715
own/own_106_56135599.csv,0.94644,own,jazivxt,56135599,,0.9981074332034978,285.23476,184.0,0.15914053437201714
own/own_107_56135611.csv,0.94644,own,jazivxt,56135611,,0.9981062171019874,285.10756,184.0,0.1591502631841002
own/own_108_56135549.csv,0.94644,own,jazivxt,56135549,,0.9980998705477344,285.98868,185.0,0.15920103561812438
public/megayak__s6e9-lb-0-94643-and-six-missing-sources/v348646621_a1abffea864d.csv,0.94644,public,megayak,56133519,348646621.0,0.9980676618839421,289.64152,187.0,0.1594587049284626
public/megayak__s6e9-0-94644-plus-a-from-scratch-lightgbm/v348899799_91e81829ce86.csv,0.94644,public,megayak,56154388,348899799.0,0.9981796713626775,278.18864,179.0,0.15856262909857977
public/nina2025__ps-s6e9-new-engine-ensemble-2/v348644973_b0d1bae3c6b1.csv,0.94644,public,nina2025,56133256,348644973.0,0.9981113141576818,284.6646,184.0,0.15910948673854497
public/nina2025__ps-s6e9-ensemble-new-engine-2/v348644973_b0d1bae3c6b1.csv,0.94644,public,nina2025,56133256,348644973.0,0.9981113141576818,284.6646,184.0,0.15910948673854497
public/nina2025__ps-s6e9-ensemble-new-engine-3/v348665390_6d2237b0a94b.csv,0.94644,public,nina2025,56135687,348665390.0,0.9981144680572068,284.13836,183.0,0.15908425554234507
public/nina2025__ps-s6e9-ensemble-new-engine-4/v348767055_7d7583e61968.csv,0.94644,public,nina2025,56143074,348767055.0,0.9981143235353507,284.19956,183.0,0.15908541171719426
public/nina2025__ps-s6e9-ensemble-new-engine-4/v348776037_9022b250fced.csv,0.94644,public,nina2025,56143814,348776037.0,0.9981128818326922,284.43308,184.0,0.15909694533846208
public/sometimessubodh__s6e9-6-model-meta-stacking-engine/v350001691_b165888c7773.csv,0.94644,public,sometimessubodh,56249199,350001691.0,0.9979178759687003,298.36696,193.0,0.1606569922503973
public/talhatursun__s6e9-daily-rank-average-ensemble/v348498155_277a6c3e680d.csv,0.94644,public,talhatursun,56119442,348498155.0,0.998104330967706,285.66328,184.0,0.1591653522583516
own/own_109_56135500.csv,0.94643,own,jazivxt,56135500,,0.9981363485488869,280.52352,180.0,0.15790921160890914
own/own_110_56135527.csv,0.94643,own,jazivxt,56135527,,0.9981395748105242,280.0688,179.5,0.15788340151581082
own/own_111_56135458.csv,0.94643,own,jazivxt,56135458,,0.9981348296756685,280.748,180.0,0.1579213625946565
own/own_112_56112970.csv,0.94643,own,jazivxt,56112970,,0.9981331101017765,281.00096,181.0,0.15793511918579206
own/own_113_56112861.csv,0.94643,own,jazivxt,56112861,,0.998157829737963,278.97444,179.0,0.15773736209630052
public/megayak__s6e9-lb-0-94643-and-six-missing-sources/v348386264_93f2d0ff1e3f.csv,0.94643,public,megayak,56109688,348386264.0,0.9981341829936018,281.63044,182.0,0.1579265360511899
own/own_114_56112650.csv,0.94642,own,jazivxt,56112650,,0.9981310649045169,281.28476,181.0,0.15695148076387389
own/own_115_56112803.csv,0.94642,own,jazivxt,56112803,,0.998129842532682,281.3346,181.0,0.1569612597385528
own/own_116_56112751.csv,0.94642,own,jazivxt,56112751,,0.9981313947689663,281.23348,181.0,0.1569488418482785
own/own_117_56266486.csv,0.94642,own,jazivxt,56266486,,0.9968114989428019,365.65792,233.0,0.16750800845759395
own/own_118_56112575.csv,0.94642,own,jazivxt,56112575,,0.9981556664975708,279.62772,179.0,0.15675466801944227
own/own_119_56109152.csv,0.94642,own,jazivxt,56109152,,0.9981283843477892,282.22892,182.0,0.15697292521769546
own/own_120_56109358.csv,0.94642,own,jazivxt,56109358,,0.9981377626315802,281.00196,182.0,0.1568978989473675
own/own_121_56197021.csv,0.94642,own,jazivxt,56197021,,0.9974811995257615,320.92152,207.0,0.16215040379391654
own/own_122_56135217.csv,0.94642,own,jazivxt,56135217,,0.9981497482323674,279.08628,179.0,0.15680201414106998
own/own_123_56113037.csv,0.94642,own,jazivxt,56113037,,0.9981790276327719,277.17356,177.0,0.1565677789378337
own/own_124_56198100.csv,0.94642,own,jazivxt,56198100,,0.9976329869181324,312.63784,203.0,0.16093610465494956
own/own_125_56197004.csv,0.94642,own,jazivxt,56197004,,0.9974942744976864,320.09704,207.0,0.16204580401851798
public/crystalbaby__ps-s6e9-new-engine-ensemble/v348320726_4fbe0fab202a.csv,0.94642,public,crystalbaby,56104998,348320726.0,0.9981330044622285,281.88724,182.0,0.1569359643021806
public/crystalbaby__ps-s6e9-new-engine-ensemble/v348321211_4fbe0fab202a.csv,0.94642,public,crystalbaby,56105055,348321211.0,0.9981330044622285,281.88724,182.0,0.1569359643021806
public/nina2025__ps-s6e9-new-engine-ensemble/v348246234_4fbe0fab202a.csv,0.94642,public,nina2025,56099514,348246234.0,0.9981330044622285,281.88724,182.0,0.1569359643021806
public/nina2025__ps-s6e9-ensemble-new-engine-1/v348246234_4fbe0fab202a.csv,0.94642,public,nina2025,56099514,348246234.0,0.9981330044622285,281.88724,182.0,0.1569359643021806
public/nina2025__ps-s6e9-h-blend-3/v348415087_03fef57b803a.csv,0.94642,public,nina2025,56111567,348415087.0,0.9981337738048847,278.68492,177.0,0.1569298095609315
public/talhatursun__s6e9-daily-rank-average-ensemble/v348147387_5b995c7be1b4.csv,0.94642,public,talhatursun,56092756,348147387.0,0.9981239242271668,282.25344,182.0,0.15700860618267454
own/own_126_56508928.csv,0.94641,own,jazivxt,56508928,,0.9977432215379551,301.1026,191.0,0.15905422769636113
own/own_127_56509847.csv,0.94641,own,jazivxt,56509847,,0.9978615854725432,288.71504,181.0,0.15810731621965646
own/own_128_56368729.csv,0.94641,own,jazivxt,56368729,,0.998012051298771,283.1492,181.0,0.15690358960983408
public/nina2025__ps-s6e9-h-blend-3/v348453674_781bc08000f8.csv,0.94641,public,nina2025,56115289,348453674.0,0.9979714886176165,295.24592,191.0,0.15722809105906999
public/ravi20076__playgrounds6e9-public-ensemble-v1/v348296648_597122b97b31.csv,0.94641,public,ravi20076,56103172,348296648.0,0.998079930740361,287.1878,186.0,0.1563605540771138
public/taeyangg4__s6e9-0-94644-lb-vs-oof-slot-saving-playbook/v349087099_5a2db956ae33.csv,0.94641,public,taeyangg4,56170132,349087099.0,0.9981760102078333,280.88592,184.0,0.15559191833733577
own/own_129_56090837.csv,0.9464,own,jazivxt,56090837,,0.9980714888237086,283.233,182.0,0.15542808941033837
own/own_130_56218237.csv,0.9464,own,jazivxt,56218237,,0.9980160649658494,282.85392,183.0,0.15587148027321174
own/own_131_56508859.csv,0.9464,own,jazivxt,56508859,,0.9979986077152615,284.7714,182.0,0.1560111382779148
own/own_132_56477435.csv,0.9464,own,jazivxt,56477435,,0.9979719001918907,286.30008,183.0,0.1562247984648808
public/mikhailnaumov__electric-vehicle-purchases-single-xgb/v350023111_5e8020f600e4.csv,0.9464,public,mikhailnaumov,56250880,350023111.0,0.9976574866354195,306.8112,192.0,0.15874010691665053
public/vinay24baghira__the-ensemble-that-refused-to-settle-ev-purchase/v351000928_e394972b432e.csv,0.9464,public,vinay24baghira,56353901,351000928.0,0.9976403015413761,318.06772,203.0,0.1588775876689983
own/own_133_56477571.csv,0.94639,own,jazivxt,56477571,,0.9979882092594368,286.02524,183.0,0.15509432592450612
own/own_134_56090211.csv,0.94639,own,jazivxt,56090211,,0.9978884814901893,295.69852,191.0,0.15589214807848606
own/own_135_56090240.csv,0.94639,own,jazivxt,56090240,,0.9978895065612948,295.59684,191.0,0.15588394750964163
public/ayodejiibrahimlateef__ev-s6e9-lgbm-xgb-75-25/v351117972_caf46ccaa66a.csv,0.94639,public,ayodejiibrahimlateef,56366640,351117972.0,0.9982572761120272,260.8506,164.0,0.1529417911037827
public/chinzorigtganbat__s6e9-weight-experiments/v349497922_482c533d9a5d.csv,0.94639,public,chinzorigtganbat,56205808,349497922.0,0.9979212667336337,298.86136,191.0,0.15562986613093077
public/megayak__s6e9-four-feature-views-one-ensemble-lb-0-94639/v349194926_094d05ce0bfa.csv,0.94639,public,megayak,56186426,349194926.0,0.9982906502255995,257.70056,164.0,0.15267479819520435
public/najiama__xgboost-triple-te-dynamic-pruning-lb-0-94639/v349376806_a3e40fcde1e5.csv,0.94639,public,najiama,56195993,349376806.0,0.9974183323168924,323.91876,208.0,0.15965334146486132
public/nina2025__ps-s6e9-h-blend-high-speed/v348114291_d4dfd2d62fc1.csv,0.94639,public,nina2025,56089999,348114291.0,0.9978881454963328,295.73468,191.0,0.15589483602933818
own/own_136_56090600.csv,0.94638,own,jazivxt,56090600,,0.9981008839101131,282.01252,180.0,0.15319292871910006
own/own_137_56090603.csv,0.94638,own,jazivxt,56090603,,0.9981060685356574,281.44108,180.0,0.15315145171474542
own/own_138_56090605.csv,0.94638,own,jazivxt,56090605,,0.9981099265341276,281.2986,180.0,0.15312058772698434
own/own_139_56086950.csv,0.94638,own,jazivxt,56086950,,0.9979199002784627,290.21136,186.0,0.15464079777230344
own/own_140_56086793.csv,0.94638,own,jazivxt,56086793,,0.99792445827207,289.68256,186.0,0.15460433382344485
own/own_141_56087101.csv,0.94638,own,jazivxt,56087101,,0.9979169039656259,290.54808,187.0,0.1546647682749973
own/own_142_56477572.csv,0.94638,own,jazivxt,56477572,,0.9980025184722596,285.17948,181.0,0.15397985222192778
own/own_143_56090692.csv,0.94638,own,jazivxt,56090692,,0.9978922716220157,295.287,190.0,0.15486182702387952
public/beraterolelk__ev-purchase-grandmaster-eda-ensemble/v349043414_c81cd191c1a5.csv,0.94638,public,beraterolelk,56166808,349043414.0,0.9974503133599015,308.687,196.0,0.15839749312079254
public/beraterolelk__lb-0-94656-top-38-ev-purchase-gm-ensemble/v349043414_c81cd191c1a5.csv,0.94638,public,beraterolelk,56166808,349043414.0,0.9974503133599015,308.687,196.0,0.15839749312079254
public/megayak__s6e9-i-stacked-26-models-and-lost/v348088338_b8202ab39187.csv,0.94638,public,megayak,56087179,348088338.0,0.9979149551992225,290.75996,187.0,0.15468035840622507
public/megayak__s6e9-lb-0-94638-in-20-seconds/v348090212_b8202ab39187.csv,0.94638,public,megayak,56087367,348090212.0,0.9979149551992225,290.75996,187.0,0.15468035840622507
public/mikhailnaumov__electric-vehicle-purchases-single-xgb/v348328268_96c00eac3fd0.csv,0.94638,public,mikhailnaumov,56105604,348328268.0,0.9977699731717915,299.92908,187.0,0.15584021462567277
public/najiama__oof-power-two-single-models-blend-lb-0-94638/v348061902_b8202ab39187.csv,0.94638,public,najiama,56084286,348061902.0,0.9979149551992225,290.75996,187.0,0.15468035840622507
public/najiama__oof-power-two-single-models-blend-lb-0-94638/v348065397_b8202ab39187.csv,0.94638,public,najiama,56086373,348065397.0,0.9979149551992225,290.75996,187.0,0.15468035840622507
public/najiama__pure-lgbm-model-cv-0-94607-lb-0-94638/v350226331_7c170fa7913a.csv,0.94638,public,najiama,56287727,350226331.0,0.9976143346944865,306.92708,196.0,0.1570853224441131
public/nina2025__ps-s6e9-h-blend-high-speed/v348078875_ae0c223d2359.csv,0.94638,public,nina2025,56085787,348078875.0,0.9979183565742691,295.86756,191.0,0.15465314740585212
own/own_144_56477561.csv,0.94637,own,jazivxt,56477561,,0.9979747209341673,284.3684,180.0,0.1532022325266711
own/own_145_56477567.csv,0.94637,own,jazivxt,56477567,,0.9980216254590423,281.77836,179.0,0.15282699632767116
public/amanatar__s6e9-quantum-rank-ensembling/v348655892_80bd2fbc8b2f.csv,0.94637,public,amanatar,56134618,348655892.0,0.9978058578053899,307.60884,198.0,0.15455313755689026
public/bulsahkecici__s6e9-multi-res-target-encoding-partition-bag/v349834892_1c313db8d92a.csv,0.94637,public,bulsahkecici,56245787,349834892.0,0.9977530318739725,292.50048,185.0,0.15497574500822964
public/najiama__pure-lgbm-model-cv-0-94606-lb-0-94637/v348048466_81d755f0a820.csv,0.94637,public,najiama,56083733,348048466.0,0.9976240932020222,307.03644,197.0,0.156007254383832
public/nina2025__ps-s6e9-h-blend-high-speed/v348080576_0231a5b56861.csv,0.94637,public,nina2025,56085951,348080576.0,0.9979280802487805,294.40452,189.0,0.15357535800976496
public/vinay24baghira__s6e9-fe-lgbm-0-94637-single-model/v349304660_cddcddbff477.csv,0.94637,public,vinay24baghira,56188580,349304660.0,0.9976240932020222,307.03644,197.0,0.156007254383832
public/mizushimatoshihiko__s6e9-competition-only-lgbm-cv-0-94610-lb-0-94636/v348952711_3688a53cc636.csv,0.94636,public,mizushimatoshihiko,56159648,348952711.0,0.9979019756345948,285.06716,182.0,0.15278419492324424
own/own_146_56114966.csv,0.94635,own,jazivxt,56114966,,0.9976128449096476,320.96212,210.0,0.15409724072282627
own/own_147_56071642.csv,0.94635,own,jazivxt,56071642,,0.997613661278289,320.8814,210.0,0.15409070977369543
own/own_148_56070794.csv,0.94635,own,jazivxt,56070794,,0.9976048791239684,322.0862,211.0,0.15416096700825976
own/own_149_56044807.csv,0.94635,own,jazivxt,56044807,,0.9976195733182925,320.09864,209.0,0.154043413453667
own/own_150_56071722.csv,0.94635,own,jazivxt,56071722,,0.9976300528908592,318.58212,207.0,0.1539595768731341
own/own_151_56069445.csv,0.94635,own,jazivxt,56069445,,0.9976404397865373,317.85192,206.0,0.15387648170770918
own/own_152_56044797.csv,0.94635,own,jazivxt,56044797,,0.9976315641458979,318.5406,206.0,0.1539474868328239
own/own_153_56477575.csv,0.94635,own,jazivxt,56477575,,0.9971811744723534,350.9796,228.0,0.15755060422117984
own/own_154_56044765.csv,0.94635,own,jazivxt,56044765,,0.9976344063422554,318.13136,206.0,0.15392474926196398
own/own_155_56044740.csv,0.94635,own,jazivxt,56044740,,0.9975888300849097,322.3022,209.0,0.1542893593207295
own/own_156_56044659.csv,0.94635,own,jazivxt,56044659,,0.997635457267885,317.9652,205.0,0.15391634185692693
own/own_157_56044831.csv,0.94635,own,jazivxt,56044831,,0.9975895464898916,323.63556,211.0,0.15428362808087437
own/own_158_56023850.csv,0.94635,own,jazivxt,56023850,,0.9975901194063838,322.10684,209.0,0.15427904474893728
own/own_159_56044682.csv,0.94635,own,jazivxt,56044682,,0.9975910446970092,321.98788,209.0,0.15427164242393365
own/own_160_56044719.csv,0.94635,own,jazivxt,56044719,,0.9977439676535778,307.43572,197.0,0.15304825877138528
own/own_161_56023838.csv,0.94635,own,jazivxt,56023838,,0.9975980592826205,320.35932,207.0,0.15421552573904362
own/own_162_56065880.csv,0.94635,own,jazivxt,56065880,,0.9976379458542043,317.6386,205.0,0.15389643316637303
own/own_163_56023873.csv,0.94635,own,jazivxt,56023873,,0.9975886449961414,322.58004,210.0,0.154290840030876
own/own_164_56070118.csv,0.94635,own,jazivxt,56070118,,0.9976594867251508,314.33956,201.0,0.15372410619880084
own/own_165_56069824.csv,0.94635,own,jazivxt,56069824,,0.9976608993033291,314.31556,200.0,0.1537128055733743
own/own_166_56477569.csv,0.94635,own,jazivxt,56477569,,0.9972096463394071,346.93792,223.0,0.1573228292847504
public/amanatar__s6e9-smart-weighted-rank-ensemble/v347994498_e20ef35734c3.csv,0.94635,public,amanatar,56078948,347994498.0,0.9975307949574838,328.15284,212.0,0.15475364034013728
public/amanatar__s6e9-smart-weighted-rank-ensemble/v347999014_e20ef35734c3.csv,0.94635,public,amanatar,56079315,347999014.0,0.9975307949574838,328.15284,212.0,0.15475364034013728
public/ravi20076__playgrounds6e9-public-ensemble-v1/v348025956_2d32af5e618d.csv,0.94635,public,ravi20076,56081405,348025956.0,0.9975396927896525,327.03576,211.0,0.15468245768278743
public/talhatursun__s6e9-diversity-boosted-rank-ensemble/v347986050_e7b452140ae2.csv,0.94635,public,talhatursun,56078232,347986050.0,0.9976163606326006,318.79388,206.0,0.1540691149392024
own/own_167_56044409.csv,0.94634,own,jazivxt,56044409,,0.9976101986527518,319.52428,205.0,0.15311841077798638
own/own_168_56023946.csv,0.94634,own,jazivxt,56023946,,0.9976876148154358,310.41276,199.0,0.1524990814765146
own/own_169_56023808.csv,0.94634,own,jazivxt,56023808,,0.9976060366384093,318.73396,205.0,0.1531517068927264
own/own_170_56069647.csv,0.94634,own,jazivxt,56069647,,0.9976473051657073,313.6424,197.0,0.15282155867434222
own/own_171_56023764.csv,0.94634,own,jazivxt,56023764,,0.997604587301447,318.57908,204.0,0.15316330158842506
own/own_172_56070507.csv,0.94634,own,jazivxt,56070507,,0.997414005834774,334.40364,212.0,0.15468795332180862
public/nina2025__ps-s6e9-h-blend-1/v347678304_7f8748e726f9.csv,0.94634,public,nina2025,56052368,347678304.0,0.9975988560566902,318.76948,204.0,0.1532091515464793
public/nina2025__ps-s6e9-h-blend-1/v347678304_397ca30c8fb5.csv,0.94634,public,nina2025,56052368,347678304.0,0.9975988560566902,318.76948,204.0,0.1532091515464793
public/nina2025__ps-s6e9-h-blend-2/v347712350_68cca376eb71.csv,0.94634,public,nina2025,56055569,347712350.0,0.9975985902753165,318.78752,203.0,0.1532112777974688
own/own_173_56023700.csv,0.94633,own,jazivxt,56023700,,0.9975971804411617,318.51968,204.0,0.15222255647071137
own/own_174_56023476.csv,0.94633,own,jazivxt,56023476,,0.9975955716314883,318.45984,204.0,0.15223542694809922
public/lgregory__ps-s6e9-order-statistic-blend/v347778176_3ca2ccab53be.csv,0.94633,public,lgregory,56061210,347778176.0,0.9975101860922022,327.37732,211.0,0.15291851126238765
public/megayak__s6e9-one-lightgbm-from-raw-data-cv-0-9463/v348649244_6831c422a94d.csv,0.94633,public,megayak,56154246,348649244.0,0.9978711299507437,289.00084,185.0,0.15003096039405595
public/najiama__s6e9-electric-vehicle-oof-cv-0-94618-lb-0-94633/v347357969_62749eb28898.csv,0.94633,public,najiama,56022620,347357969.0,0.9974166854873862,335.02884,216.0,0.15366651610091608
own/own_175_56023486.csv,0.94632,own,jazivxt,56023486,,0.9973624556097168,339.64332,220.0,0.15310035512227538
public/navazshfathi__predicting-electric-vehicle-purchases/v348470738_44f30cd47880.csv,0.94632,public,navazshfathi,56117298,348470738.0,0.9978750667855907,294.85384,188.0,0.14899946571528444
public/tukotanzwoo__predicting-ev-purchases-lb-score-0-94631/v348319498_791d938526f1.csv,0.94631,public,tukotanzwoo,56127314,348319498.0,0.9979693695827307,283.96292,179.0,0.14724504333815736
public/navazshfathi__predicting-electric-vehicle-purchases/v348218930_a537c576c3fb.csv,0.9463,public,navazshfathi,56097888,348218930.0,0.9975825894121317,310.85932,198.0,0.149339284702954
public/sorajoddd__elec-veh-v1/v350558469_c06c7da67381.csv,0.9463,public,sorajoddd,56303985,350558469.0,0.9970310423254974,342.44968,230.0,0.15375166139602836
public/sumitsarkar969__public-rank-blending-playground-series-s6e9/v349731564_dc6f3af536f2.csv,0.94629,public,sumitsarkar969,56226842,349731564.0,0.9970319101114875,365.3242,229.0,0.15274471910810128
public/miickey__advanced-lightgbm-lb-0-94628/v348022061_b61ca210360c.csv,0.94628,public,miickey,56081054,348022061.0,0.9973908702641603,322.23356,198.5,0.14887303788672357
public/talhatursun__s6e9-diversity-boosted-rank-ensemble/v347169149_549c21bb0662.csv,0.94628,public,talhatursun,56006481,347169149.0,0.9976332827845571,302.94752,190.0,0.14693373772354912
own/own_176_56002895.csv,0.94627,own,jazivxt,56002895,,0.997691519473362,292.80016,181.0,0.14546784421310344
own/own_177_56002888.csv,0.94627,own,jazivxt,56002888,,0.9976544333246947,295.91836,183.0,0.14576453340244155
own/own_178_56002794.csv,0.94627,own,jazivxt,56002794,,0.9976006886095048,300.01316,186.0,0.146194491123961
own/own_179_56002864.csv,0.94627,own,jazivxt,56002864,,0.9976149207923174,299.18628,186.0,0.14608063366146018
public/amanatar__s6e9-standalone-xgboost-hist/v348752152_f703269453de.csv,0.94627,public,amanatar,56142155,348752152.0,0.997015929104537,364.50124,237.0,0.15087256716370367
public/hermengardo__single-xgb-eda-ps6e9/v349153941_5ea328ce7374.csv,0.94627,public,hermengardo,56177006,349153941.0,0.9974692958472827,331.2644,211.0,0.14724563322173756
public/juanmaoliver__end-to-end-study-of-electric-vehicle-prediction/v349847350_ca663b6eecaf.csv,0.94627,public,juanmaoliver,56237472,349847350.0,0.9969364645909956,361.736,227.0,0.15150828327203447
own/own_180_56002873.csv,0.94626,own,jazivxt,56002873,,0.997528027960825,306.2908,191.0,0.14577577631340422
public/amanatar__s6e9-smart-weighted-rank-ensemble/v347134469_b10c1b1ba776.csv,0.94626,public,amanatar,56002676,347134469.0,0.997528027960825,306.2908,191.0,0.14577577631340422
own/own_181_56002582.csv,0.94625,own,jazivxt,56002582,,0.9976098456175161,298.386,184.0,0.14412123505987973
public/amanatar__s6e9-dual-objective-lgbm-logloss-focal/v348753638_5b69eebd9337.csv,0.94625,public,amanatar,56142215,348753638.0,0.9964969527957384,394.00344,253.0,0.1530243776341016
own/own_182_56002578.csv,0.94624,own,jazivxt,56002578,,0.9978040204436839,280.73648,172.0,0.14156783645053084
own/own_183_55971740.csv,0.94624,own,jazivxt,55971740,,0.9977377296038968,285.34112,174.0,0.14209816316882717
own/own_184_55971576.csv,0.94624,own,jazivxt,55971576,,0.9976699164400945,290.12848,177.0,0.14264066847924584
own/own_185_55971072.csv,0.94624,own,jazivxt,55971072,,0.9976965364681397,288.18308,176.0,0.14242770825488416
own/own_186_55971284.csv,0.94624,own,jazivxt,55971284,,0.9976396311512293,292.31092,178.0,0.14288295079016722
public/alejandrolopezrincon__version-j-score-of-0-94625/v349128541_01ba1373a729.csv,0.94624,public,alejandrolopezrincon,56176455,349128541.0,0.9969800473680316,359.09816,226.0,0.1481596210557492
public/najiama__catboost-triple-te-dynamic-pruning-lb-0-94624/v350971381_e628b537d0b6.csv,0.94624,public,najiama,56359404,350971381.0,0.9967019519479386,383.86828,247.0,0.1503843844164927
public/vinay24baghira__s6e9-rank-averaging-ensemble-0-946-lb/v346952944_f4848c54d8f2.csv,0.94624,public,vinay24baghira,55977878,346952944.0,0.9974774945857964,307.86976,190.0,0.14418004331363088
own/own_187_55971054.csv,0.94623,own,jazivxt,55971054,,0.9974836674408878,303.18644,185.0,0.14313066047290413
own/own_188_56301301.csv,0.94623,own,jazivxt,56301301,,0.9974973455330833,314.00104,219.0,0.14302123573533976
own/own_189_55971237.csv,0.94623,own,jazivxt,55971237,,0.9977841585927437,281.8978,173.0,0.14072673125805668
public/hermengardo__single-xgb-eda-ps6e9/v348667462_af0843011f11.csv,0.94622,public,hermengardo,56145529,348667462.0,0.9971188246298052,350.67388,219.5,0.14504940296155855
public/ravi20076__playgrounds6e9-public-ensemble-v1/v347061005_6e7a479c2ea2.csv,0.94622,public,ravi20076,55992139,347061005.0,0.9974679619716175,305.22752,187.0,0.14225630422706015
public/talhatursun__s6e9-simple-rank-average-ensemble/v346933546_a9b9e38e4055.csv,0.94622,public,talhatursun,55976256,346933546.0,0.9970748727895805,345.1488,223.0,0.14540101768335578
own/own_190_55971047.csv,0.94621,own,jazivxt,55971047,,0.997773401277068,283.59496,175.0,0.13881278978346012
public/yekenot__ps-s6-e9-realmlp-pytorch/v349387299_ea5cb35eb5b3.csv,0.94621,public,yekenot,56196151,349387299.0,0.995601060584001,455.6304,300.0,0.15619151532799647
public/amanatar__s6e9-standalone-histgradientboosting/v348751601_7326c610a2f2.csv,0.9462,public,amanatar,56142145,348751601.0,0.9968966975447942,364.32264,233.0,0.14482641964165577
public/ashwanidhukra__electric-vehicle-purchases6/v349466088_220ca91e84e6.csv,0.9462,public,ashwanidhukra,56204388,349466088.0,0.9955547721214628,456.06976,296.0,0.15556182302830646
public/mnkaggler__predict-ev-purchase-xgboost-vs-catboost-vs-lgm/v349993362_91e3d5bd6812.csv,0.9462,public,mnkaggler,56251858,349993362.0,0.9968075862844257,373.068,237.0,0.1455393097246036
public/yekenot__ps-s6-e9-realmlp-pytabkit/v350114400_938c227a8920.csv,0.9462,public,yekenot,56259069,350114400.0,0.9958552150029676,439.03912,295.0,0.1531582799762683
own/own_191_55953288.csv,0.94618,own,jazivxt,55953288,,0.9979281001107966,283.45688,177.0,0.13457519911363436
own/own_192_56002361.csv,0.94617,own,jazivxt,56002361,,0.9976458965845832,304.20968,190.0,0.13583282732333446
public/sumitsarkar969__catboost-playground-series-s6e9/v349632093_d398319685b8.csv,0.94617,public,sumitsarkar969,56215670,349632093.0,0.9945288766473405,481.15504,261.0,0.16076898682127672
own/own_193_56367492.csv,0.94616,own,jazivxt,56367492,,0.9969349891032554,365.53628,243.0,0.1405200871739618
own/own_194_56069360.csv,0.94616,own,jazivxt,56069360,,0.9968380541337563,361.5738,214.0,0.14129556692995493
public/ksmashhero__ev-purchases-lgbm-xgb-catboost-ensemble/v346976963_167a06e6b24d.csv,0.94616,public,ksmashhero,55983247,346976963.0,0.9976482361683328,298.57032,185.0,0.13481411065334292
own/own_195_55971311.csv,0.94615,own,jazivxt,55971311,,0.9976992301985562,293.56824,182.0,0.13340615841155978
own/own_196_56044439.csv,0.94615,own,jazivxt,56044439,,0.9967042569547903,373.68628,223.0,0.14136594436168748
public/amanatar__s6e9-dual-objective-lgbm-logloss-focal/v348573262_eba0fb0313c3.csv,0.94615,public,amanatar,56127170,348573262.0,0.9971293311487416,359.6896,242.0,0.13796535081007688
public/kodaifukuda0311__s6e9-exact-value-te-lightgbm-lb0-94615/v348905473_c92958934910.csv,0.94615,public,kodaifukuda0311,56156933,348905473.0,0.9971244321102052,325.3296,200.0,0.13800454311836807
public/kodaifukuda0311__s6e9-exact-value-te-lightgbm-lb0-94615/v348972635_dac1e1b1fe6c.csv,0.94615,public,kodaifukuda0311,56162481,348972635.0,0.9971244321102052,325.3296,200.0,0.13800454311836807
public/kodaifukuda0311__s6e9-exact-value-te-lightgbm-lb0-94615/v349298691_dac1e1b1fe6c.csv,0.94615,public,kodaifukuda0311,56189288,349298691.0,0.9971244321102052,325.3296,200.0,0.13800454311836807
public/nilanjansaha123__s6e9-lightgbm-0-94615-score-updated2/v350364665_ddcf6879b651.csv,0.94615,public,nilanjansaha123,56285181,350364665.0,0.9969986221584614,336.7366,209.0,0.1390110227323187
own/own_197_55952919.csv,0.94614,own,jazivxt,55952919,,0.9976921393196351,296.0838,184.0,0.1324628854429224
public/sumitsarkar969__catboost-playground-series-s6e9/v349123971_7a8c9590b05d.csv,0.94614,public,sumitsarkar969,56172936,349123971.0,0.9941234345900843,499.76008,269.0,0.16101252327932825
public/tamerlanomralinov__notebookd516ecaf37/v349335773_a67825ee99d8.csv,0.94614,public,tamerlanomralinov,56193030,349335773.0,0.9962357872041526,418.99684,274.0,0.144113702366782
public/tamerlanomralinov__s6e9-cv-0-946072-lb-0-94614/v349335773_a67825ee99d8.csv,0.94614,public,tamerlanomralinov,56193030,349335773.0,0.9962357872041526,418.99684,274.0,0.144113702366782
public/kodaifukuda0311__s6e9-exact-value-te-lightgbm-lb0-94615/v349966089_cf03aa313009.csv,0.94613,public,kodaifukuda0311,56247759,349966089.0,0.9970948228487818,326.70916,201.0,0.13624141720975302
own/own_198_55952845.csv,0.94612,own,jazivxt,55952845,,0.9974510857699374,305.19948,188.0,0.13239131384050218
own/own_199_55952830.csv,0.94612,own,jazivxt,55952830,,0.9973752067892079,310.15404,190.0,0.13299834568633795
public/maiernator__s6e9-ctboost-not-catboost-astra-baseline/v349797959_a77c8a6098cd.csv,0.94612,public,maiernator,56233546,349797959.0,0.9951045633938841,474.57248,298.0,0.15116349284892827
public/najiama__pure-lgbm-model-cv-0-94587-lb-0-94612/v346904855_b0622bc51741.csv,0.94612,public,najiama,55974683,346904855.0,0.996906580502506,350.00644,224.0,0.1367473559799528
public/tamerlanomralinov__s6e9-cv-0-946072-lb-0-94614/v349435694_48b807e603f4.csv,0.94612,public,tamerlanomralinov,56203824,349435694.0,0.9961977165232597,421.44844,277.0,0.1424182678139232
public/lucifer19__ev-quantum-forge-s6e9-xgboost/v347918300_9a0dd3c3f6fd.csv,0.94611,public,lucifer19,56073814,347918300.0,0.9964094835317278,379.87656,237.0,0.13972413174618348
public/yekenot__ps-s6-e9-realmlp-pytorch/v348364380_54ed0887ff49.csv,0.94611,public,yekenot,56108136,348364380.0,0.9953019196900174,469.1496,306.0,0.1485846424798667
public/kodaifukuda0311__s6e9-exact-value-te-lightgbm-lb0-94612/v347972043_981249ba5f0f.csv,0.9461,public,kodaifukuda0311,56077663,347972043.0,0.9968494319228208,344.25612,214.0,0.13520454461744347
public/kodaifukuda0311__s6e9-exact-value-te-lightgbm-lb0-94615/v347972043_981249ba5f0f.csv,0.9461,public,kodaifukuda0311,56077663,347972043.0,0.9968494319228208,344.25612,214.0,0.13520454461744347
public/kospintr__evehicle-stacked-lgbm-catb-xgb-hgbc-baseline/v349248120_24e798801780.csv,0.94609,public,kospintr,56187784,349248120.0,0.9966323445581311,378.5398,244.0,0.13594124353495474
public/maiernator__s6e9-ctboost-not-catboost-astra-baseline/v347343558_f03827989e51.csv,0.94609,public,maiernator,56020859,347343558.0,0.9952863122914516,464.83568,295.0,0.1467095016683908
public/amanatar__s6e9-standalone-xgboost-hist/v348656819_46fb4f75629a.csv,0.94608,public,amanatar,56134939,348656819.0,0.9968574390163475,380.3052,254.0,0.13314048786922816
public/kospintr__evehicle-stacked-lgbm-catb-xgb-hgbc-baseline/v348794459_1f121daed5c6.csv,0.94608,public,kospintr,56146475,348794459.0,0.996549741935919,380.60188,243.0,0.13560206451265566
public/lamhuy8904__s6e9-94-6-transformer-and-gbdt-ensemble/v346834462_f11c5d3b6057.csv,0.94608,public,lamhuy8904,55972662,346834462.0,0.9962922788780989,395.65908,259.0,0.13766176897521687
own/own_200_56022416.csv,0.94607,own,jazivxt,56022416,,0.9961711453348607,393.58048,233.0,0.1376308373211157
own/own_201_56002349.csv,0.94607,own,jazivxt,56002349,,0.9976102412643254,312.38104,199.0,0.1261180698853983
own/own_202_55951149.csv,0.94607,own,jazivxt,55951149,,0.9968924653870914,340.3918,210.0,0.13186027690327018
public/jazivxt__single-model-zoom-zoom/v347208305_2bd72ad0ba54.csv,0.94607,public,jazivxt,56022416,347208305.0,0.9961711453348607,393.58048,233.0,0.1376308373211157
public/kirill0212__s6e9-lightgbm/v346575396_5d85442683e0.csv,0.94607,public,kirill0212,55945200,346575396.0,0.9968924653870914,340.3918,210.0,0.13186027690327018
public/kirill0212__s6e9-lightgbm/v346580011_5d85442683e0.csv,0.94607,public,kirill0212,55945499,346580011.0,0.9968924653870914,340.3918,210.0,0.13186027690327018
own/own_203_55951715.csv,0.94606,own,jazivxt,55951715,,0.9968894387847186,337.8242,207.0,0.1308844897222574
own/own_204_55952290.csv,0.94606,own,jazivxt,55952290,,0.9968767033582661,339.35964,209.0,0.13098637313387762
public/kospintr__evehicle-stacked-lgbm-catb-xgb-hgbc-baseline/v347929125_08a414bc91c5.csv,0.94606,public,kospintr,56075710,347929125.0,0.9964787103146854,388.8566,252.0,0.13417031748252306
public/kospintr__evehicle-stacked-lgbm-catb-xgb-hgbc-baseline/v348174787_cb1456649e12.csv,0.94606,public,kospintr,56096298,348174787.0,0.9965159012972729,387.19864,252.0,0.13387278962182325
public/kospintr__evehicle-stacked-lgbm-catb-xgb-hgbc-baseline/v348794530_76f1ae14f73f.csv,0.94606,public,kospintr,56146483,348794530.0,0.9938868756113651,511.0954,301.0,0.15490499510908506
public/talhatursun__bag-blend-tuned-3-model-ensemble/v346766913_5a9567abd9b0.csv,0.94606,public,talhatursun,55964916,346766913.0,0.9967549899109034,350.00536,215.0,0.13196008071277898
own/own_205_55951701.csv,0.94605,own,jazivxt,55951701,,0.9968420565143067,336.853,206.0,0.13026354788554606
own/own_206_55952318.csv,0.94605,own,jazivxt,55952318,,0.9968368553544904,344.49796,211.0,0.1303051571640763
public/mikhailnaumov__electric-vehicle-purchases-xgb/v347069324_166affb1536a.csv,0.94605,public,mikhailnaumov,55992714,347069324.0,0.9968220122739528,351.90504,219.0,0.13042390180837682
public/hermengardo__single-xgb-eda-ps6e9/v348654296_7e73f0b88a6a.csv,0.94604,public,hermengardo,56134843,348654296.0,0.9965912730653791,400.0316,267.5,0.13126981547697136
public/destroyer123787__predicting-electric-vehicle-purchases/v347073364_2692b26a2cfc.csv,0.94603,public,destroyer123787,55992959,347073364.0,0.9965674239205874,377.55812,244.0,0.1304606086353095
public/kospintr__evehicle-stacked-lgbm-catb-xgb-hgbc-baseline/v348244557_d9c5667251d3.csv,0.94603,public,kospintr,56100829,348244557.0,0.9960499313616792,418.46552,271.0,0.13460054910657515
own/own_207_55971370.csv,0.94602,own,jazivxt,55971370,,0.9970607697914556,327.8244,200.0,0.125513841668357
public/amanatar__s6e9-standalone-catboost-native-categoricals/v348751821_bfc91c50419d.csv,0.94602,public,amanatar,56155499,348751821.0,0.9956158535392886,421.06216,268.0,0.13707317168569322
public/lucifer19__ev-quantum-forge-s6e9-xgboost/v346769553_9674312d97ce.csv,0.94601,public,lucifer19,55962732,346769553.0,0.996375434734946,373.50268,231.0,0.12999652212043822
public/nilanjansaha123__s6e9-lightgbm-0-94615-score-updated2/v350416843_4df851af4f54.csv,0.946,public,nilanjansaha123,56290229,350416843.0,0.9950890690247816,439.26636,270.0,0.13928744780174762
public/udaken10__feature-importance-and-standardized/v349758282_0563af9609dd.csv,0.94599,public,udaken10,56229617,349758282.0,0.9956397685079029,413.6614,256.0,0.13388185193678126
public/sadamtorres__ev-purchases-eda-gbdts-rank-blend/v347141279_2518d9a0c55f.csv,0.94598,public,sadamtorres,56003575,347141279.0,0.9964922800786751,358.4546,217.0,0.1260617593706086
own/own_208_56002548.csv,0.94597,own,jazivxt,56002548,,0.9955160710540721,415.48356,255.0,0.13287143156742554
public/pieego__strong-baseline-xgboost-0-946/v347225074_9f463ea45459.csv,0.94596,public,pieego,56029635,347225074.0,0.9960749736452392,399.73688,247.0,0.1274002108380934
public/itzgauurab__s6e9-lightgbm-bagged-ensemble-nested-cv-blend/v346835754_489cf89cac6a.csv,0.94595,public,itzgauurab,55967518,346835754.0,0.996382958767524,378.25344,235.0,0.1239363298598084
public/yekenot__ps-s6-e9-realmlp-pytorch/v347830002_f7d90550834b.csv,0.94595,public,yekenot,56065602,347830002.0,0.9947977412303954,488.78836,316.0,0.13661807015683713
public/megayak__s6e9-the-1000-leak/v347891769_833a849d40ca.csv,0.94592,public,megayak,56071849,347891769.0,0.9965405652432007,393.2286,269.0,0.11967547805439782
public/evgendvorkin__s6e9-single-xgb-cv-0-94583/v347484765_e2504a9bea4a.csv,0.9459,public,evgendvorkin,56033898,347484765.0,0.9952839874030126,443.29512,274.0,0.12772810077590036
public/rugvedbane__lightgbm-triple-target-encoding-0-94590-lb/v347696583_125808004250.csv,0.9459,public,rugvedbane,56054784,347696583.0,0.9959159994044728,421.36696,265.0,0.12267200476421847
public/rugvedbane__0-94590-lb-top-29-lgbm-triple-te/v347696583_125808004250.csv,0.9459,public,rugvedbane,56054784,347696583.0,0.9959159994044728,421.36696,265.0,0.12267200476421847
public/rugvedbane__0-94590-lb-digit-decomp-triple-te-top-29/v347696583_125808004250.csv,0.9459,public,rugvedbane,56054784,347696583.0,0.9959159994044728,421.36696,265.0,0.12267200476421847
public/rugvedbane__lightgbm-triple-target-encoding-0-94590-lb/v347989452_57a67a8ae572.csv,0.9459,public,rugvedbane,56079651,347989452.0,0.9958970912029705,420.50728,264.0,0.12282327037623686
public/rugvedbane__0-94590-lb-stacking-failed-this-didn-t/v349578730_0cbd38d52f9e.csv,0.94589,public,rugvedbane,56212036,349578730.0,0.9958906295915683,420.66376,265.0,0.12187496326745961
public/miickey__beginner-friendly-ev-lb-0-94588-cv-0-94168/v347330824_9afb4c3cfb5d.csv,0.94588,public,miickey,56027202,347330824.0,0.988830776721423,696.7852,380.5,0.17735378622862585
public/nilanjansaha123__s6e9-single-xgb-cv-0-94588/v350383568_49fc3ca5f6fa.csv,0.94588,public,nilanjansaha123,56286003,350383568.0,0.9952351857858475,446.3646,278.0,0.12611851371323057
public/ern711__from-labels-to-statements/v347560621_79bce076722b.csv,0.94583,public,ern711,56041691,347560621.0,0.9952958037801845,439.25424,274.0,0.12063356975852413
public/amirtanha__electronic-vehicle/v350080914_93fc805d3a55.csv,0.94579,public,amirtanha,56256037,350080914.0,0.9947750326478102,492.7244,312.0,0.12079973881752526
public/minhhnle__codex/v349856484_33070acf2179.csv,0.94573,public,minhhnle,56242333,349856484.0,0.9896622783464017,631.02148,342.0,0.15570177322878687
public/tuannm3812__ev-purchases-modeling/v347189181_0741ca43c200.csv,0.9457,public,tuannm3812,56013125,347189181.0,0.9894330849888509,638.54604,348.0,0.15453532008919657
public/tuannm3812__ev-purchases-baseline-modeling/v347189181_0741ca43c200.csv,0.9457,public,tuannm3812,56013125,347189181.0,0.9894330849888509,638.54604,348.0,0.15453532008919657
public/ern711__replication-aware-newton-boosting/v347818078_01f29c6daf7b.csv,0.94569,public,ern711,56066088,347818078.0,0.9945429229099877,442.9406,269.0,0.1126566167201064
public/jocelyndumlao__predicting-electric-vehicle-interest/v347932054_415ffb294ab5.csv,0.94569,public,jocelyndumlao,56074904,347932054.0,0.9936577177903633,483.73488,284.0,0.11973825767710178
public/udaken10__standardized-by-powertransformer/v347991531_77fd37f97f93.csv,0.94568,public,udaken10,56079873,347991531.0,0.9957358666215926,437.25704,280.0,0.1021130670272603
public/sergeyqt2024__simple-21-feature-lfbm-0-9456/v347407210_5f4cbc4990ab.csv,0.94561,public,sergeyqt2024,56027080,347407210.0,0.9952683680357566,466.44272,306.0,0.09885305571394731
public/mizushimatoshihiko__s6e9-leak-free-target-frequency-encoding-lgbm/v346744311_75db4ab8d90c.csv,0.9456,public,mizushimatoshihiko,55963630,346744311.0,0.9948865896391097,445.32192,279.0,0.10090728288712691
public/mizushimatoshihiko__s6e9-leak-free-target-frequency-encoding-lgbm/v346794301_75db4ab8d90c.csv,0.9456,public,mizushimatoshihiko,55970117,346794301.0,0.9948865896391097,445.32192,279.0,0.10090728288712691
public/nathanjacob__loss-alchemy-focal-logloss-blend-with-optuna/v348181273_3e216da8e830.csv,0.94556,public,nathanjacob,56096437,348181273.0,0.9931431916237587,577.99404,371.0,0.11085446700993051
own/own_209_55971313.csv,0.94554,own,jazivxt,55971313,,0.9941375695617483,482.74592,310.0,0.10089944350602353
public/kospintr__evehicle-stacked-lgbm-catb-xgb-hgbc-baseline/v346982687_177402f18e07.csv,0.94552,public,kospintr,56007094,346982687.0,0.9953305634395041,422.55824,268.0,0.08935549248397479
public/nathanjacob__closing-the-gap-advanced-fe-multi-loss-ensemble/v348225924_52bae41b9fb4.csv,0.9455,public,nathanjacob,56098678,348225924.0,0.9930671595368635,574.15116,359.0,0.10546272370509735
public/nikitachubai__predict-electric-vehicle-purchases-lightgbm-s6e9/v348992782_6c92d9551a38.csv,0.94541,public,nikitachubai,56163093,348992782.0,0.9949833154393936,489.71628,333.0,0.0811334764848537
public/dylangunawan13331__ev-purchase-prediction-unified-pipeline/v346650951_4154f00dd7c0.csv,0.9454,public,dylangunawan13331,55952601,346650951.0,0.9951588698426853,446.37672,291.0,0.0787290412585242
public/chovyxu__ev-adoption-tokens-xgboost-tinytokentransformer/v346393863_38b85665428d.csv,0.94539,public,chovyxu,55929684,346393863.0,0.9930448412855615,517.67464,326.0,0.09464126971550835
public/arizalfirdaus123__cracking-the-generator-0-944-auc/v347609067_b33df3457daf.csv,0.94537,public,arizalfirdaus123,56045242,347609067.0,0.9955979511543455,426.63376,277.0,0.07221639076524555
public/amanatar__s6e9-ultimate-private-lb-armor-0-945/v347047253_b24fe1af3d5a.csv,0.94536,public,amanatar,55990460,347047253.0,0.9947419365286102,448.65036,277.0,0.07806450777112106
public/ern711__hierarchical-prototype-matching-network/v348336928_84e8a0186b31.csv,0.94533,public,ern711,56109847,348336928.0,0.992391498547374,572.71096,356.0,0.09386801162101355
public/chinzorigtganbat__s6e9-votingclassifier-on-gpu/v347687172_d1cdcae4b4cb.csv,0.94526,public,chinzorigtganbat,56053814,347687172.0,0.9938954696258797,495.53728,323.0,0.0748362429929661
public/amanatar__s6e9-deep-neural-network-entity-embeddings/v348723258_3001922ed00f.csv,0.94473,public,amanatar,56141058,348723258.0,0.9909389886387895,688.13576,502.0,0.07248809088968411
public/nirmalpatel02__decoding-ev-adoption-from-eda-to-ensemble-0-9447/v346690738_54c26746bd30.csv,0.9447,public,nirmalpatel02,55956982,346690738.0,0.9907298560087822,643.49184,418.0,0.07416115192974271
public/chinzorigtganbat__s6e9-watt-drives-ev-buyers-shape-of-income/v348778080_3cac46d2755e.csv,0.94466,public,chinzorigtganbat,56144104,348778080.0,0.9929098869556304,567.89896,378.0,0.05672090435495658
public/arizalfirdaus123__ev-purchase-s6e9/v347113435_7a9ea2b8df02.csv,0.94461,public,arizalfirdaus123,55995747,347113435.0,0.9940003585953304,479.05504,301.0,0.047997131237356605
public/evgendvorkin__s6e9-single-xgb-cv-0-94488/v347049830_59c47d5e64d4.csv,0.9446,public,evgendvorkin,55991477,347049830.0,0.98969238817429,679.51264,441.0,0.0824608946056804
public/amirhosseinkarimiee__the-noise-bar-feature-engineering/v350672813_04c91e75ffac.csv,0.94446,public,amirhosseinkarimiee,56340598,350672813.0,0.9904095511934041,640.90372,406.0,0.076723590452767
public/amirhosseinkarimiee__the-noise-bar-feature-engineering/v348761277_3afbbd0a25b9.csv,0.94445,public,amirhosseinkarimiee,56143666,348761277.0,0.9902737224175242,647.11952,411.0,0.07781022065980636
public/amirhosseinkarimiee__predicting-ev-purchases-s6e9/v347276210_e3360ffa988e.csv,0.94444,public,amirhosseinkarimiee,56017588,347276210.0,0.9902713252234084,647.55176,410.0,0.07782939821273249
public/amirhosseinkarimiee__the-noise-bar-feature-engineering/v347276210_e3360ffa988e.csv,0.94444,public,amirhosseinkarimiee,56017588,347276210.0,0.9902713252234084,647.55176,410.0,0.07782939821273249
public/amanatar__s6e9-ultimate-community-meta-blend-0-944/v346788506_bc9ede61d0d2.csv,0.94441,public,amanatar,55963613,346788506.0,0.9909558458176391,615.35732,389.0,0.07235323345888744
public/vishal567__s6e9-what-actually-moves-auc-an-honest-ablation/v348774632_4ee0286c6b3f.csv,0.94436,public,vishal567,56163344,348774632.0,0.992065294098855,581.4836,382.0,0.06347764720915983
public/arizalfirdaus123__cracking-the-generator-0-944-auc/v347690529_76d063083131.csv,0.94434,public,arizalfirdaus123,56056718,347690529.0,0.9928144145876058,564.89704,378.5,0.057484683299153794
public/bogdandoicin__lgbclassifier-plus-feature-engineering-and-optuna/v349516355_5b9bb7f708d7.csv,0.94428,public,bogdandoicin,56207292,349516355.0,0.9894753649206947,675.13912,427.0,0.08419708063444276
public/yhay81__simple-tabm-baseline-s6e9/v347003029_95e427232f6a.csv,0.94423,public,yhay81,55981796,347003029.0,0.990869858771374,650.21656,446.0,0.0730411298290079
public/rohitt94__ev-purchase-prediction/v349098632_c9eccecac489.csv,0.944,public,rohitt94,56176890,349098632.0,0.9904232480294279,640.6644,414.0,0.07661401576457649
public/kava1__predicting-electric-vehicle-purchases-lightgbm/v348698529_e923e3a19542.csv,0.94399,public,kava1,56139181,348698529.0,0.991070514347503,623.34808,405.0,0.07143588521997568
public/kava1__predicting-electric-vehicle-purchases-catboost/v348698529_e923e3a19542.csv,0.94399,public,kava1,56139181,348698529.0,0.991070514347503,623.34808,405.0,0.07143588521997568
public/tomasa2__reading-a-synthetic-dataset-ev-purchases-s6e9/v346494709_07602b083c89.csv,0.94397,public,tomasa2,55939633,346494709.0,0.9886646351732222,685.19176,428.0,0.09068291861422217
public/rohitt94__ev-purchase-prediction/v349100819_d3dc8d1575b4.csv,0.94392,public,rohitt94,56176871,349100819.0,0.9897490738388925,653.15216,412.0,0.08200740928885963
public/bogdandoicin__lgbm-plus-feature-engineering/v349248561_0506c7ca146a.csv,0.9438,public,bogdandoicin,56184143,349248561.0,0.9886689589011621,700.77016,442.0,0.09064832879070295
public/amanatar__s6e9-ultimate-private-lb-armor-0-945/v347049100_87b16546195c.csv,0.94349,public,amanatar,55999718,347049100.0,0.9887724708684978,677.82176,430.0,0.08982023305201725
public/kazuhiroyogo__ev-kazuhiro-yogo-fourth/v349684246_c93e9cfa736e.csv,0.94347,public,kazuhiroyogo,56223764,349684246.0,0.9887877111703463,698.73296,438.0,0.08969831063723
public/gauravduttaiiitb__ex9-s6e9-flaml-roc-auc/v346462561_6689a30fd163.csv,0.9434,public,gauravduttaiiitb,55951587,346462561.0,0.9903944432264212,636.14764,410.0,0.07684445418863017
public/gauravduttaiiitb__ex99-s6e9-flaml-roc-auc/v347388556_954ff0258d6f.csv,0.9434,public,gauravduttaiiitb,56034729,347388556.0,0.9902275241546661,642.02292,413.0,0.07817980676267133
public/gauravduttaiiitb__ex9-s6e9-flaml-lgbm-roc-auc/v347504196_1feb7f98b749.csv,0.9434,public,gauravduttaiiitb,56043647,347504196.0,0.9903944432264212,636.14764,410.0,0.07684445418863017
public/gauravduttaiiitb__ex9-org-s6e9-flaml-roc-auc/v346462719_96dd3b866ae5.csv,0.94339,public,gauravduttaiiitb,55951620,346462719.0,0.9898219566907213,653.22684,418.5,0.08142434647422991
public/rohitt94__predicting-electric-vehicle/v348722212_1ccc776d606b.csv,0.94333,public,rohitt94,56144878,348722212.0,0.9881580195885385,743.21032,510.0,0.0947358432916916
public/justcode1__electric-vehicle-prediction/v347651334_e77a04e33d1b.csv,0.94332,public,justcode1,56052821,347651334.0,0.98854382929706,740.62592,499.0,0.09164936562352022
public/gauravduttaiiitb__s6e9-flaml-roc-auc/v346397273_0d0dee0ca673.csv,0.94331,public,gauravduttaiiitb,55938964,346397273.0,0.9899577402809545,653.73816,420.0,0.0803380777523639
public/gauravduttaiiitb__org-s6e9-flaml-roc-auc/v346460421_ba9ed748b8e8.csv,0.94331,public,gauravduttaiiitb,55945537,346460421.0,0.9895395203618214,663.86648,424.0,0.08368383710542915
public/gauravduttaiiitb__s6e9-flaml-roc-auc-weighted/v346496712_8ebcc8be187e.csv,0.94331,public,gauravduttaiiitb,55951634,346496712.0,0.9899577402809545,653.73816,420.0,0.0803380777523639
public/gauravduttaiiitb__ex69-s6e9-flaml-roc-auc/v347391294_252a8efaac45.csv,0.94331,public,gauravduttaiiitb,56035036,347391294.0,0.9903920901684976,632.39068,406.0,0.07686327865201914
public/justcode1__electric-vehicle-prediction/v346514222_9166cc49ba01.csv,0.94325,public,justcode1,55942208,346514222.0,0.9888369947518652,719.32952,481.0,0.0893040419850788
public/andrewtangg__ev-interest/v347175198_d7bb92a6964f.csv,0.9432,public,andrewtangg,56007038,347175198.0,0.9833295769657147,875.06028,543.0,0.13336338427428274
public/andrewtangg__ev-interest/v347181695_b129271eb4a5.csv,0.9431,public,andrewtangg,56007402,347181695.0,0.9848809077797778,830.12044,536.0,0.12095273776177784
public/bogdandoicin__lgbm-plus-feature-engineering/v348799868_710d2be9dcd9.csv,0.94308,public,bogdandoicin,56145976,348799868.0,0.9879738166420017,730.60692,466.0,0.09620946686398657
public/justcode1__electric-vehicle-prediction/v347977595_904c855cd9de.csv,0.94308,public,justcode1,56079960,347977595.0,0.9878941307979724,750.86768,499.0,0.09684695361622087
public/rohitt94__prediction-best-starter/v349223786_7612ac7befc5.csv,0.94305,public,rohitt94,56188504,349223786.0,0.9878815929687031,707.00976,447.0,0.09694725625037481
public/jernimopaiva__ev-adoption-prediction/v346847620_76782cd413ab.csv,0.94297,public,jernimopaiva,55968052,346847620.0,0.9880247650165493,716.9652,460.0,0.09580187986760524
public/zekaizhan__ev-purchase-eda-7-models-optuna-stack-auc-9431/v350326185_972306caa8a5.csv,0.94294,public,zekaizhan,56295796,350326185.0,0.9892564135777523,658.85216,412.0,0.08594869137798167
own/own_210_55950583.csv,0.94293,own,jazivxt,55950583,,0.9881673615344095,701.78944,449.0,0.09466110772472369
public/amanatar__s6e9-spatial-knn-features-lgbm/v348912104_eba30dcfe809.csv,0.9429,public,amanatar,56157090,348912104.0,0.9878400208053097,696.13288,442.0,0.09727983355752201
own/own_211_55949742.csv,0.94285,own,jazivxt,55949742,,0.9879101493802699,715.62528,460.5,0.09671880495784091
public/amanatar__s6e9-ctgan-adversarial-feature-lgbm/v348911908_cec963a0c729.csv,0.94285,public,amanatar,56157078,348911908.0,0.9878375475891777,696.75256,447.0,0.09729961928657804
public/amanatar__s6e9-spatial-knn-features-lgbm/v348942933_75829328dc46.csv,0.94283,public,amanatar,56160705,348942933.0,0.9876272088789532,698.81996,440.0,0.09898232896837467
public/amanatar__s6e9-ctgan-adversarial-feature-lgbm/v348942914_600da1a761ad.csv,0.94282,public,amanatar,56158975,348942914.0,0.9877346028695251,694.57072,439.0,0.09812317704379936
public/amanatar__s6e9-elite-pseudo-labeling-lgbm/v348942900_e5cabda0fc1f.csv,0.94279,public,amanatar,56159003,348942900.0,0.9859955891465502,798.0198,532.0,0.11203528682759867
public/amanatar__s6e9-elite-pseudo-labeling-lgbm/v348909219_6efa2ede07ab.csv,0.94275,public,amanatar,56156079,348909219.0,0.9859483003221546,799.13732,535.0,0.11241359742276291
public/kava1__predicting-electric-vehicle-purchases-catboost/v349927066_abd8b2bde4d3.csv,0.94275,public,kava1,56242941,349927066.0,0.9876334833429632,721.31692,458.0,0.09893213325629446
public/tamerlanomralinov__s6e9-the-best-dl-model-insights/v346817952_e7f23d61bd12.csv,0.94271,public,tamerlanomralinov,55973932,346817952.0,0.9836672107736054,855.59324,539.0,0.13066231381115667
public/rugvedbane__eda-xgboost-lightgbm-what-actually-works/v349702181_078dc7188109.csv,0.94268,public,rugvedbane,56223534,349702181.0,0.97576920395316,1067.89224,682.0,0.1938463683747198
public/rugvedbane__i-tested-15-features-1-did-all-the-work/v350374759_a8a043bb9838.csv,0.94261,public,rugvedbane,56285043,350374759.0,0.9874728777139062,719.99056,449.0,0.10021697828875009
public/eymenakb__electric-vehicle-v2/v347439017_6d393e1f3db1.csv,0.94253,public,eymenakb,56029483,347439017.0,0.9872322531562979,743.72272,478.0,0.10214197474961662
public/sadamtorres__ev-purchases-eda-tuned-gbdts-rank-blend/v346520135_5a5d906c4354.csv,0.94235,public,sadamtorres,55944497,346520135.0,0.9870033672019229,726.7774,450.5,0.10397306238461645
public/ektarr__strong-baseline-electric-vehicle-purchases/v346592347_3d4b9f63b03b.csv,0.94233,public,ektarr,55946489,346592347.0,0.9881538502524679,673.59136,415.0,0.09476919798025651
public/eymenakb__electric-vehicle-v2/v347955926_ff3842423cde.csv,0.94229,public,eymenakb,56076146,347955926.0,0.9875331377964061,707.6428,443.0,0.09973489762875154
public/stephentarter__ps-s06e09-lightgbm/v347335005_93a1439283dd.csv,0.9422,public,stephentarter,56020357,347335005.0,0.9872583062285069,716.36116,447.0,0.10193355017194516
public/stephentarter__ps-s06e09-model-ensembling/v347339030_fad0e89ea370.csv,0.9422,public,stephentarter,56020387,347339030.0,0.9873108656825429,712.9322,442.0,0.10151307453965686
public/stephentarter__ps-s06e09-model-ensembling/v349282111_a99c7c6c60f6.csv,0.94217,public,stephentarter,56186271,349282111.0,0.987089613592461,717.63464,440.0,0.10328309126031243
public/stephentarter__ps-s06e09-lightgbm/v347478846_86d003b31652.csv,0.94216,public,stephentarter,56034264,347478846.0,0.9868613062373436,730.36008,447.0,0.10510955010125134
public/stephentarter__ps-s06e09-model-ensembling/v347492921_70ed5a70b88d.csv,0.94216,public,stephentarter,56034322,347492921.0,0.9869382725697547,727.42168,446.0,0.10449381944196201
public/stephentarter__ps-s06e09-model-ensembling/v349891087_180da8382d49.csv,0.94216,public,stephentarter,56238764,349891087.0,0.9869601386595178,723.48152,440.0,0.10431889072385747
public/nathanjacob__tune-it-up-optuna-optimization-free-0-0033auc/v348037122_16689198d232.csv,0.9421,public,nathanjacob,56090426,348037122.0,0.9855880792549382,769.62408,481.0,0.1152953659604945
public/parthsarnobat__s6e9-ev-purchase-prediction-xgboost/v348162525_de93845b1a82.csv,0.94209,public,parthsarnobat,56093851,348162525.0,0.9869984577094967,720.95176,450.0,0.10401233832402657
public/parthsarnobat__s6e9-ev-purchase-prediction-xgboost/v349310094_de93845b1a82.csv,0.94209,public,parthsarnobat,56188781,349310094.0,0.9869984577094967,720.95176,450.0,0.10401233832402657
public/parthsarnobat__s6e9-ev-purchase-prediction-xgboost/v350360210_de93845b1a82.csv,0.94209,public,parthsarnobat,56311621,350360210.0,0.9869984577094967,720.95176,450.0,0.10401233832402657
public/stephentarter__ps-s06e09-xgboost/v347254526_67fd37b1cca2.csv,0.94209,public,stephentarter,56014015,347254526.0,0.9868473664532573,730.3986,454.0,0.1052210683739414
public/parthsarnobat__s6e9-ev-purchase-prediction-xgboost/v347533237_a10d5c3f344a.csv,0.94208,public,parthsarnobat,56037718,347533237.0,0.9869326232569778,723.22452,456.5,0.1045390139441773
public/parthsarnobat__s6e9-ev-purchase-prediction-xgboost/v347173812_d84e2547488b.csv,0.94206,public,parthsarnobat,56006938,347173812.0,0.9869008452512948,723.76308,458.0,0.10479323798964124
public/shivamgravity__pgs-s6e9-lightgbm/v348531766_e8de960a877c.csv,0.94205,public,shivamgravity,56126391,348531766.0,0.9871152489237021,708.74764,440.0,0.10307800861038352
public/shivamgravity__pgs-s6e9-ensemble/v351039650_756c15bf5c03.csv,0.94205,public,shivamgravity,56356650,351039650.0,0.9872161051422315,702.3558,434.5,0.10227115886214833
public/muhammadshoaibaltaf__ps-s6e9-eda-feature-engineering-lgbm-xgb-catb/v347044238_032ef708fb95.csv,0.94203,public,muhammadshoaibaltaf,55995225,347044238.0,0.9863151002849816,735.80252,452.0,0.10947919772014725
public/anuraggoyal2203__6-model-blend-stacking-baseline/v346866569_a2c66f2cf473.csv,0.94202,public,anuraggoyal2203,55969973,346866569.0,0.9852668446532242,773.44472,480.0,0.11786524277420618
public/shivamgravity__pgs-s6e9-lightgbm/v348033515_fdcb5e46b4fc.csv,0.94202,public,shivamgravity,56093209,348033515.0,0.9873117729589604,702.9752,431.0,0.10150581632831646
public/shivamgravity__pgs-s6e9-lightgbm/v348938577_94e744327275.csv,0.94202,public,shivamgravity,56158601,348938577.0,0.9870560726823273,707.421,438.0,0.1035514185413815
public/stephentarter__ps-s06e09-catboost/v349124344_223e17bca9ab.csv,0.94201,public,stephentarter,56173162,349124344.0,0.9852219503679683,766.64332,471.0,0.11822439705625332
public/sarveshchhetri__quick-start-clean-xgboost-baseline-ev-prediction/v347513312_37b6d9e30fda.csv,0.942,public,sarveshchhetri,56036181,347513312.0,0.9867900941311176,723.41972,455.0,0.10567924695105901
public/sarveshchhetri__quick-start-clean-xgboost-baseline-ev-prediction/v350872990_37b6d9e30fda.csv,0.942,public,sarveshchhetri,56335154,350872990.0,0.9867900941311176,723.41972,455.0,0.10567924695105901
public/abhishekgupta56447__predicting-electric-vehicle-purchases/v348970067_16f66d1e7fb8.csv,0.94198,public,abhishekgupta56447,56161985,348970067.0,0.9864763638223033,738.27364,463.0,0.10818908942157357
public/nicolepatterson8910__predicting-ev-sales/v348641474_2188261bda02.csv,0.94198,public,nicolepatterson8910,56133524,348641474.0,0.9868799904685416,715.32848,439.0,0.10496007625166737
public/vikassingh01__ev-purchase-prediction-eda-baseline-ml/v350022932_8125c52c4f81.csv,0.94197,public,vikassingh01,56253124,350022932.0,0.9864042442162603,744.14976,472.0,0.10876604626991782
public/shivamgravity__pgs-s6e9-catboost/v350553745_76a653028bff.csv,0.94195,public,shivamgravity,56307971,350553745.0,0.9867467356162322,720.8254,450.0,0.1060261150701427
public/shivamgravity__pgs-s6e9-lightgbm/v348838375_2aefea167ff4.csv,0.94194,public,shivamgravity,56155077,348838375.0,0.9869676930642659,712.33664,437.0,0.10425845548587276
public/shivamgravity__pgs-s6e9-xgboost/v350353217_dd8a34ba3bc7.csv,0.94194,public,shivamgravity,56283843,350353217.0,0.9868557675628362,721.84436,453.0,0.10515385949731026
public/dak7sh__ev-purchase-pipeline-v2/v347446511_6bf30a9a95f9.csv,0.94193,public,dak7sh,56030413,347446511.0,0.9856395309547388,757.24908,474.0,0.11488375236208981
public/stephentarter__ps-s06e09-xgboost/v349800966_f87454905ebb.csv,0.94193,public,stephentarter,56233291,349800966.0,0.9860563979969517,745.19444,461.0,0.11154881602438671
public/riyaraj9__s6e9-electrical-vehicle-purchase/v350975653_3244bf9295c8.csv,0.94191,public,riyaraj9,56349090,350975653.0,0.9869619167348596,725.05296,455.0,0.10430466612112355
public/shivamgravity__pgs-s6e9-lightgbm/v348036961_2c87292ee566.csv,0.94191,public,shivamgravity,56093220,348036961.0,0.9870333903252989,707.7554,436.0,0.10373287739760872
public/parthsarnobat__s6e9-ev-purchase-prediction-catboost-xgb-blend/v347531105_67c12325e0d9.csv,0.94188,public,parthsarnobat,56037635,347531105.0,0.9865051408776697,725.25604,453.0,0.10795887297864226
public/parthsarnobat__s6e9-ev-purchase-prediction-catboost-xgb-blend/v347773039_ad50c018d32d.csv,0.94187,public,parthsarnobat,56061031,347773039.0,0.986500285539806,725.63988,455.0,0.10799771568155236
public/parthsarnobat__s6e9-ev-purchase-prediction-catboost-xgb-blend/v349591528_d9cab6211919.csv,0.94187,public,parthsarnobat,56237304,349591528.0,0.9865062396364555,725.47972,454.0,0.10795008290835639
public/stephentarter__ps-s06e09-catboost/v349794831_b95c0344e799.csv,0.94187,public,stephentarter,56233124,349794831.0,0.98446683557316,786.98156,484.0,0.12426531541472041
public/coreymichaud__predicting-electric-vehicle-purchases/v347115238_8c9cc2fcae2c.csv,0.94186,public,coreymichaud,55999496,347115238.0,0.9866169117785846,733.04632,456.0,0.10706470577132343
public/coreymichaud__what-s-the-probability-you-ll-buy-an-ev/v347115238_8c9cc2fcae2c.csv,0.94186,public,coreymichaud,55999496,347115238.0,0.9866169117785846,733.04632,456.0,0.10706470577132343
public/coreymichaud__will-you-buy-an-ev/v347115238_8c9cc2fcae2c.csv,0.94186,public,coreymichaud,55999496,347115238.0,0.9866169117785846,733.04632,456.0,0.10706470577132343
public/abhijitpise__predicting-electric-vehicle-purchases-v1/v346712982_c8a9e6d63744.csv,0.94185,public,abhijitpise,55958009,346712982.0,0.985580617182695,780.13956,504.0,0.1153550625384403
public/arizalfirdaus123__complete-eda-lightgbm-xgboost-catboost/v346623103_3de5f3462c3b.csv,0.94185,public,arizalfirdaus123,55949759,346623103.0,0.9869736337186114,707.14928,437.5,0.10421093025110917
public/coreymichaud__will-you-buy-an-ev/v348821189_d1aadc094253.csv,0.94185,public,coreymichaud,56147762,348821189.0,0.9870435382088353,732.3904,466.0,0.10365169432931776
public/parthsarnobat__s6e9-ev-purchase-prediction-catboost-xgb-blend/v347187772_e745b8572df3.csv,0.94185,public,parthsarnobat,56008117,347187772.0,0.9864593894337564,726.2942,452.0,0.10832488452994848
public/shivamgravity__pgs-s6e9-ensemble/v351115247_12ab054658e2.csv,0.94184,public,shivamgravity,56366917,351115247.0,0.9867552193286299,721.46416,454.0,0.1059582453709611
public/rebeccashirievo__ev-purchases-lightgbm/v349558649_23ef9904aa62.csv,0.94183,public,rebeccashirievo,56210268,349558649.0,0.9859189897687637,753.21312,468.0,0.1126480818498905
public/eymenakb__electric-vehicle/v347102537_7461f6b219ad.csv,0.94181,public,eymenakb,55994909,347102537.0,0.9865815592028913,719.00576,441.0,0.10734752637686995
public/ksmashhero__ev-purchases-lgbm-xgb-catboost-ensemble/v347203079_53d4c51722d3.csv,0.94181,public,ksmashhero,56009373,347203079.0,0.9851990976151638,773.87056,482.0,0.11840721907868978
public/stephentarter__ps-s06e09-catboost/v347478638_a902d970d147.csv,0.94181,public,stephentarter,56033397,347478638.0,0.9845510943132628,784.44912,483.0,0.12359124549389744
public/alunji__s6e9-predicting-ev-purchases/v350293941_f21fea615651.csv,0.9418,public,alunji,56277026,350293941.0,0.9850822671363847,803.81712,509.0,0.11934186290892246
public/anuragmalik00__ev-purshases/v346736263_977056b5e90a.csv,0.9418,public,anuragmalik00,55960054,346736263.0,0.9848109294213756,807.60436,521.0,0.12151256462899518
public/joaopedrosousan__predicting-electric-vehicle-purchases-solution/v346527542_30de69df6159.csv,0.9418,public,joaopedrosousan,55944127,346527542.0,0.98521575210335,776.13812,489.0,0.11827398317320004
public/muneeb2405__ev-intent-what-actually-moves-the-needle/v347102451_3680717b2dca.csv,0.94177,public,muneeb2405,55995192,347102451.0,0.9862579913494663,725.65144,442.0,0.10993606920426924
public/nathanjacob__watt-drives-you-the-psychology-of-going-electric/v347986836_c72c90cd9f59.csv,0.94177,public,nathanjacob,56078374,347986836.0,0.9857022689078729,757.40744,468.0,0.11438184873701651
public/alunji__s6e9-predicting-ev-purchases/v350318501_a1bf55a49c03.csv,0.94176,public,alunji,56279195,350318501.0,0.9852578875233539,793.56848,510.0,0.11793689981316913
public/anthonytherrien__ev-purchase-lightgbm-feature-engineering/v349256213_0f5796fc959c.csv,0.94176,public,anthonytherrien,56184454,349256213.0,0.9849881760002343,780.70576,488.0,0.120094591998126
public/anthonytherrien__ev-purchase-lightgbm-feature-engineering/v351051153_0f5796fc959c.csv,0.94176,public,anthonytherrien,56357713,351051153.0,0.9849881760002343,780.70576,488.0,0.120094591998126
public/anuragmalik00__ev-purchase-leak-free-7-model-ensemble-roc-auc/v347204935_7a7312dfbdbb.csv,0.94176,public,anuragmalik00,56011166,347204935.0,0.9854030657123861,774.08956,487.0,0.11677547430091106
public/EagleOnAI__feature-engineering-lightgbm-ensemble/v346687307_9245e03cf1ca.csv,0.94175,public,EagleOnAI,55956041,346687307.0,0.9839302709635882,810.3988,501.0,0.12855783229129436
public/mehreenrahman__s6e9-tuned-gbm-optuna-tuning/v346522481_f7af5d4cbcb7.csv,0.94174,public,mehreenrahman,55944465,346522481.0,0.9857978054639692,758.97452,486.0,0.11361755628824621
public/srskhan__for-absolute-beginners-xgboost-lightgbm/v348691179_cd88249d3561.csv,0.94173,public,srskhan,56138023,348691179.0,0.9856488297950834,764.02824,480.0,0.11480936163933286
public/anonymousdns__ev-purchase-xgboost-feature-engineering/v349642002_8e4b405d6809.csv,0.94172,public,anonymousdns,56217312,349642002.0,0.9853532503062208,773.54768,485.0,0.11717399755023372
public/anthonytherrien__ev-purchase-xgboost-feature-engineering/v349517410_8e4b405d6809.csv,0.94172,public,anthonytherrien,56207320,349517410.0,0.9853532503062208,773.54768,485.0,0.11717399755023372
public/anthonytherrien__ev-purchase-xgboost-feature-engineering/v351048333_8e4b405d6809.csv,0.94172,public,anthonytherrien,56357378,351048333.0,0.9853532503062208,773.54768,485.0,0.11717399755023372
public/arutamonofu__electric-vehicles-purchases-lightgbm-catboost/v348287274_baffe20da901.csv,0.94172,public,arutamonofu,56103946,348287274.0,0.9864369948643766,721.5484,447.0,0.1085040410849869
public/nicolepatterson8910__predicting-ev-sales/v347279001_d9004e0b06ea.csv,0.94172,public,nicolepatterson8910,56015938,347279001.0,0.9860489595275637,725.38256,437.0,0.1116083237794907
public/nicolepatterson8910__predicting-ev-sales/v348307802_2d2b4e768576.csv,0.94172,public,nicolepatterson8910,56104875,348307802.0,0.9860489595275637,725.38256,437.0,0.1116083237794907
public/pavloivanin__quick-baseline/v346407251_791330321a5c.csv,0.94172,public,pavloivanin,55931136,346407251.0,0.9856045590809006,767.57432,482.0,0.11516352735279511
public/soichiroshido__shido-my-first-submission-2609/v346478384_800fca34c021.csv,0.94172,public,soichiroshido,55937411,346478384.0,0.9840247536186606,822.50264,527.0,0.12780197105071522
public/koushikkumardinda__s6e9-feature-eng-rank-ensemble-baseline/v346400526_5b51eb76269e.csv,0.94171,public,koushikkumardinda,55930950,346400526.0,0.986248258084115,745.80688,466.0,0.11001393532708015
public/sarveshchhetri__top-tier-feature-engineering-catboost-lightgbm/v351106169_f463f721966d.csv,0.9417,public,sarveshchhetri,56368124,351106169.0,0.9865685306320111,727.36408,451.0,0.10745175494391113
public/stephentarter__ps-s06e09-catboost/v347330708_62a53f0c4267.csv,0.9417,public,stephentarter,56020004,347330708.0,0.9838749769904528,804.28824,495.0,0.1290001840763777
public/avikdas567__rank-optimized-tri-gbdt-for-ev-purchase-propensity/v346684658_eb25ad8aaef6.csv,0.94169,public,avikdas567,55955934,346684658.0,0.9866205591430703,718.52832,446.0,0.10703552685543727
public/m4rcuseryx__distributed-intelligence-ensemble/v346420850_2229f15d33d1.csv,0.94169,public,m4rcuseryx,55932884,346420850.0,0.9856248995618683,756.923,470.0,0.11500080350505382
public/seungjunleeofficial__s6e9-0-94169-catboost-xgb-lgbm-ensemble/v346563319_5aadc7d40565.csv,0.94169,public,seungjunleeofficial,55950528,346563319.0,0.9848372785201849,783.28376,485.0,0.12130177183852098
public/bnzn261029__advanced-ensemble-stacking-feature-engineering/v349612264_66980080346b.csv,0.94168,public,bnzn261029,56233908,349612264.0,0.9863874422190494,729.63752,455.0,0.10890046224760486
public/arniejimenez__s6e9-honest-fixed-fold-lgbm-xgb-baseline/v346613350_2ebe6939afeb.csv,0.94167,public,arniejimenez,55948094,346613350.0,0.9857376803787661,747.88228,459.0,0.11409855696987137
public/shivamgravity__pgs-s6e9-lightgbm/v347666919_c9a2bbb70fb7.csv,0.94167,public,shivamgravity,56051342,347666919.0,0.9861330934849464,728.78232,440.0,0.11093525212042898
public/synchrocyclotron__lightautoml-lama/v347978411_56711a03abaa.csv,0.94167,public,synchrocyclotron,56081386,347978411.0,0.986433437692454,722.85156,449.0,0.10853249846036839
public/amanatar__s6e9-realmlp-llm-features-optuna-swarm/v346647691_288882d8999a.csv,0.94166,public,amanatar,55952367,346647691.0,0.9866054912487022,715.01808,442.0,0.10715607001038219
public/anuraggoyal2203__electric-vehicle-purchase-prediction-baseline/v346510753_dff8cbfbb964.csv,0.94166,public,anuraggoyal2203,55940732,346510753.0,0.9853395819598366,753.5884,453.0,0.11728334432130705
public/stephentarter__ps-s06e09-histgradientboosting/v349146581_1bd723d3644e.csv,0.94166,public,stephentarter,56186139,349146581.0,0.9842259174706305,798.4204,488.0,0.12619266023495612
public/gauravduttaiiitb__s6e9-autogluon-good-quality/v346392854_03c447dbf859.csv,0.94165,public,gauravduttaiiitb,55935444,346392854.0,0.9838293584235835,823.43308,517.0,0.12936513261133165
public/keisuke20040529__evp-xgboost/v348706633_c08466f90af7.csv,0.94165,public,keisuke20040529,56139240,348706633.0,0.9859448274125145,750.02056,468.0,0.11244138069988363
public/gauravduttaiiitb__org-s6e9-autogluon-good-quality/v346457355_22e7a0386f3b.csv,0.94164,public,gauravduttaiiitb,55942893,346457355.0,0.9836062184226472,827.23852,520.0,0.13115025261882263
public/leeguang98__predict-electric-vehicle-purchases-xgb/v348296739_42a25389b1af.csv,0.94164,public,leeguang98,56103406,348296739.0,0.986105226058659,749.097,469.0,0.11115819153072781
public/sarveshchhetri__quick-start-clean-xgboost-baseline-ev-prediction/v347051059_22d0fa5aa11b.csv,0.94164,public,sarveshchhetri,55991175,347051059.0,0.9850780037523751,782.23604,488.0,0.11937596998099931
public/yarukikun__s6e9-tutorialformyself/v346477353_7e40f5e89837.csv,0.94163,public,yarukikun,55937349,346477353.0,0.9854995095293725,748.68392,453.0,0.11600392376502011
public/yarukikun__s6e9-tutorialformyself-en-jp/v346477353_7e40f5e89837.csv,0.94163,public,yarukikun,55937349,346477353.0,0.9854995095293725,748.68392,453.0,0.11600392376502011
public/yarukikun__s6e9-tutorialformyself/v346629884_ab2cc119d545.csv,0.94163,public,yarukikun,55949536,346629884.0,0.9854995095293725,748.68392,453.0,0.11600392376502011
public/bnzn261029__baseline-solution-xgboost-lightgbm-catboost/v349612356_61f6f8e893d2.csv,0.94161,public,bnzn261029,56233911,349612356.0,0.9863164370684716,729.93752,453.0,0.10946850345222714
public/chaitanyajamble__ev-purchase/v346432669_c7d0635d2c0e.csv,0.9416,public,chaitanyajamble,55933358,346432669.0,0.985276949286256,772.16912,483.0,0.11778440570995219
public/chaitanyajamble__ev-purchase/v346435026_c7d0635d2c0e.csv,0.9416,public,chaitanyajamble,55933623,346435026.0,0.985276949286256,772.16912,483.0,0.11778440570995219
public/bogdandoicin__lgbm-plus-feature-engineering/v348253214_668f5d7a3ff2.csv,0.94159,public,bogdandoicin,56100048,348253214.0,0.9839228223854064,817.81872,508.0,0.12861742091674877
public/dak7sh__ev-purchase-pipeline/v347437599_69f3a1748922.csv,0.94158,public,dak7sh,56029414,347437599.0,0.9845272153535926,799.51076,501.0,0.12378227717125956
public/keisuke20040529__evp-lightgbm/v348688513_d3107945b2d6.csv,0.94158,public,keisuke20040529,56137764,348688513.0,0.9842253636289656,772.44376,461.0,0.12619709096827503
public/sarveshchhetri__quick-start-clean-xgboost-baseline-ev-prediction/v347273615_6ae126054574.csv,0.94157,public,sarveshchhetri,56015404,347273615.0,0.985119909575485,779.1476,484.0,0.11904072339611993
public/stpeteishii__s6e9-lgb-xgb-catb/v346787222_823b15e9e42f.csv,0.94157,public,stpeteishii,55970836,346787222.0,0.9845689511004913,808.86236,514.0,0.12344839119606998
public/stpeteishii__s6e9-lgb-xgb-catb/v346879870_823b15e9e42f.csv,0.94157,public,stpeteishii,55973889,346879870.0,0.9845689511004913,808.86236,514.0,0.12344839119606998
public/kostya138__lightgbm-5-fold-cv-professional-eda/v346605896_9f13bd32ba43.csv,0.94156,public,kostya138,55947689,346605896.0,0.9843967690107439,796.46576,489.0,0.12482584791404872
public/stpeteishii__s6e9-autogluon/v346889430_c6b7f4430bb5.csv,0.94156,public,stpeteishii,55975321,346889430.0,0.9833979613580001,833.29808,519.0,0.1328163091359995
public/riyaraj9__s6e9-electrical-vehicle-purchase/v347235967_7fcb499928c2.csv,0.94154,public,riyaraj9,56012215,347235967.0,0.9847937554269817,806.84204,520.0,0.12164995658414668
public/anujsaha0123456789__s6e9-beginner-friendly-ev-prediction-baseline/v347163815_05a1b47b3e0d.csv,0.94153,public,anujsaha0123456789,56009508,347163815.0,0.9858384196623948,752.81472,472.0,0.11329264270084138
public/kava1__predicting-electric-vehicle-purchases-eda/v346684249_06aa3613d42e.csv,0.94152,public,kava1,55955734,346684249.0,0.9837302774754695,791.626,474.0,0.13015778019624413
public/shivamgravity__pgs-s6e9-catboost/v350607182_100725466e2c.csv,0.94152,public,shivamgravity,56311072,350607182.0,0.9844623418515527,830.29932,546.0,0.12430126518757856
public/giannhsstamelias__s6-e9-rigorous-eda-to-multi-layer-meta-stacking/v346495064_9d974ac91190.csv,0.9415,public,giannhsstamelias,55939348,346495064.0,0.9826228859104335,863.88172,550.0,0.13901691271653238
public/m4rcuseryx__predicting-electric-vehicle-interest/v346420900_a93c2ebfcdda.csv,0.94149,public,m4rcuseryx,55933234,346420900.0,0.98543713836863,772.35476,490.5,0.11650289305095995
public/dharmikpatelpatel__prediction-of-ev-purchase/v348762314_d43329975ba3.csv,0.94148,public,dharmikpatelpatel,56146012,348762314.0,0.9826944087468794,882.18992,576.5,0.1384447300249647
public/sarveshchhetri__top-tier-feature-engineering-catboost-lightgbm/v348765994_41304145995a.csv,0.94148,public,sarveshchhetri,56143573,348765994.0,0.9861360575529191,738.20872,457.0,0.11091153957664712
public/eymenakb__electric-vehicle-torch/v348357810_6603adde7fbc.csv,0.94146,public,eymenakb,56107853,348357810.0,0.9842402101839304,840.77992,569.0,0.126078318528557
public/aayushh13__ev-purchase-prediction-lightgbm/v346512655_93237c8b9c1b.csv,0.94145,public,aayushh13,55940813,346512655.0,0.9846559615807586,775.6876,473.5,0.12275230735393095
public/raphdraft__simple-xgboost-starter/v346958599_fb0d29bd77ec.csv,0.94144,public,raphdraft,55978575,346958599.0,0.9843716342941596,811.95536,519.0,0.1250269256467229
public/chinzorigtganbat__s6e9-ev-insights-eda-feature-engineering/v347675504_09514d14d1e7.csv,0.94142,public,chinzorigtganbat,56053176,347675504.0,0.9849023029179849,784.0136,483.0,0.1207815766561211
public/amanatar__s6e9-mathematical-pytorch-3x-trees-0-942/v346532844_24886665979b.csv,0.94141,public,amanatar,55942857,346532844.0,0.9853440834736483,764.59508,476.5,0.1172473322108134
public/leonchani__02-lgbm-optuna-predicting-ev-purchases/v347593462_8e01ebb016bf.csv,0.9414,public,leonchani,56045384,347593462.0,0.9842750325464212,820.8662,530.0,0.12579973962863011
public/busyaprime__s6e9-lb-0-9414-eda-lgbm-xgb-ensemble-baseline/v346384328_9b29e284ae2b.csv,0.94139,public,busyaprime,55927642,346384328.0,0.9844029990482579,796.59224,501.0,0.12477600761393681
public/gauravduttaiiitb__org-s6e9-autogluon-optimize-for-deployment/v346427773_84ab3902f7f8.csv,0.94138,public,gauravduttaiiitb,55933237,346427773.0,0.9835715382014202,824.17496,513.0,0.13142769438863855
public/miickey__beginner-friendly-ev-purchase-prediction-eda-v-2/v346573373_c6854616229b.csv,0.94137,public,miickey,55945231,346573373.0,0.9858257846408066,759.0434,479.0,0.1133937228735471
public/sabitaljuma__predicting-electric-vehicle-purchases-0-9417-ras/v348085827_cd4f765c04c8.csv,0.94137,public,sabitaljuma,56086716,348085827.0,0.9823679966452169,872.90016,554.0,0.1410560268382648
public/gauravduttaiiitb__s6e9-autogluon-optimize-for-deployment/v346390079_94c785df080d.csv,0.94135,public,gauravduttaiiitb,55928862,346390079.0,0.984085038305404,811.38144,507.0,0.12731969355676842
public/gauravduttaiiitb__s6e9-autogluon-medium-quality/v346392548_4b0048254046.csv,0.94135,public,gauravduttaiiitb,55929335,346392548.0,0.9840850350742328,811.37864,507.0,0.1273197194061373
public/arunsworkspace__ev-purchase-prediction-xgboost-baseline/v348546552_e90a2747a9a9.csv,0.94134,public,arunsworkspace,56124392,348546552.0,0.9846504014657645,788.4468,493.0,0.12279678827388363
public/beraterolelk__ev-purchase-gpu-tri-model-blend/v349027614_d789083b76c5.csv,0.94132,public,beraterolelk,56184889,349027614.0,0.9843264454843592,788.69168,486.0,0.1253884361251263
public/zananpech__ev-purchases/v346679488_b5af34cea76a.csv,0.94129,public,zananpech,55954754,346679488.0,0.984803798913507,783.99316,489.0,0.121569608691944
public/beraterolelk__ev-purchase-gpu-tri-model-blend/v349039576_3de0bf8324fe.csv,0.94128,public,beraterolelk,56166456,349039576.0,0.9796957128555093,953.59976,586.0,0.16243429715592583
public/nidhitiwari4__ps-s6e9-ev-purchase-lgbm-baseline/v346905741_1020b714fa5c.csv,0.94126,public,nidhitiwari4,55973935,346905741.0,0.9816134106364979,861.58104,522.0,0.147092714908017
public/amanatar__s6e9-agentic-swarm-intelligence-lgb-xgb-cat/v346482349_fa214451d699.csv,0.94124,public,amanatar,55938186,346482349.0,0.9846019212579485,794.849,502.5,0.12318462993641166
public/zananpech__ev-purchases/v346826303_081a721eb51a.csv,0.94124,public,zananpech,55965939,346826303.0,0.9848283879923799,781.6076,487.0,0.12137289606096058
public/dharmikpatelpatel__prediction-of-ev-purchase/v348144971_82dd894f7dcd.csv,0.94122,public,dharmikpatelpatel,56093515,348144971.0,0.980139785742108,970.29472,623.0,0.15888171406313578
public/piratesofmonotony__second-trial-uma/v349562752_b3c0a9301a01.csv,0.94122,public,piratesofmonotony,56210516,349562752.0,0.9847111699894547,783.9068,488.0,0.1223106400843621
public/aqibrazadev__full-eda-ml-dl-pipeline/v346410258_d99576d26401.csv,0.94121,public,aqibrazadev,55931362,346410258.0,0.9840319869141112,831.71508,535.0,0.1277441046871104
public/ardabaranbaytar__what-really-drives-ev-purchases-eda-ml-shap/v347133472_e058923f26f2.csv,0.94119,public,ardabaranbaytar,56003093,347133472.0,0.9841819391920321,828.32648,529.0,0.12654448646374306
public/gauravduttaiiitb__s6e9-autogluon-extreme-quality/v347385510_71b2e91744a7.csv,0.94119,public,gauravduttaiiitb,56032690,347385510.0,0.980371128300031,939.4582,624.0,0.1570309735997517
public/kirillgubkin__electric-vehicle-purchases/v349680424_81c5dd718a3d.csv,0.94118,public,kirillgubkin,56221628,349680424.0,0.981767442617349,842.05468,503.0,0.1458604590612076
public/sarveshchhetri__top-tier-feature-engineering-catboost-lightgbm/v349075339_427c8a2ade5c.csv,0.94118,public,sarveshchhetri,56169717,349075339.0,0.9854918006130081,755.54368,468.0,0.11606559509593506
public/yhay81__simple-catboost-baseline-s6e9/v346429489_bf9cfadc0c9e.csv,0.94116,public,yhay81,55933457,346429489.0,0.9838075561246811,834.6766,536.0,0.12953955100255143
public/pourchot__s6e9-from-functions-to-agents-a-langgraph-simu/v346457065_30fecf2d28cb.csv,0.94112,public,pourchot,55935762,346457065.0,0.9841729581324338,794.7068,500.0,0.12661633494052982
public/bekamaregasanegewo__notebook3c77449cb4/v346928359_375ad339b3b2.csv,0.94107,public,bekamaregasanegewo,55975916,346928359.0,0.9837349553532915,813.52864,508.0,0.1301203571736682
public/sarveshchhetri__scikit-learn-s-hidden-gem-histgradientboosting/v348549184_ec4daebb8b86.csv,0.94103,public,sarveshchhetri,56124649,348549184.0,0.978926718567614,926.43976,573.0,0.16858625145908768
public/akashkailasnagdive__predicting-electric-vehicle-purchases3/v348693571_764e432e6d1f.csv,0.94101,public,akashkailasnagdive,56138092,348693571.0,0.9840056747667655,812.22944,504.0,0.12795460186587615
public/hmnshudhmn24__predicting-electric-vehicle-purchases/v348427476_930bc4ec0975.csv,0.94099,public,hmnshudhmn24,56113094,348427476.0,0.9829212544116467,868.61352,575.0,0.13662996470682653
public/marydata__electric-vehicle-purchases/v346862941_7eb8cd8bf929.csv,0.94097,public,marydata,55969089,346862941.0,0.9826135999421357,896.62948,603.0,0.13909120046291434
public/yungkamlun__predicting-electric-vehicle-purchases/v346683357_eaff8c221c1b.csv,0.94097,public,yungkamlun,55955403,346683357.0,0.9800922278709422,941.34972,607.0,0.15926217703246248
public/eymenakb__electric-vehicle-keras/v347975989_4353c9bf0d5d.csv,0.94096,public,eymenakb,56077751,347975989.0,0.9831380698265826,880.15568,603.0,0.13489544138733933
public/sarveshchhetri__scikit-learn-s-hidden-gem-histgradientboosting/v347731330_495bec79fe40.csv,0.94095,public,sarveshchhetri,56057417,347731330.0,0.9824660568777749,850.96748,534.0,0.14027154497780092
public/leonchani__02-lgbm-optuna-predicting-ev-purchases/v347374507_84850716e58c.csv,0.94091,public,leonchani,56024619,347374507.0,0.9835017006373272,837.71912,547.0,0.1319863949013822
public/actuallyhrishi__s6e9-ev-purchase-prediction-catboost-baseline/v350073988_f221658b637d.csv,0.9409,public,actuallyhrishi,56255791,350073988.0,0.982538262935194,863.60752,552.0,0.1396938965184482
public/kazuhiroyogo__ev-kazuhiro-yogo-second/v347839496_a2dc2c318dd6.csv,0.9409,public,kazuhiroyogo,56066405,347839496.0,0.9818512767845069,862.27276,528.0,0.1451897857239448
public/jimgruman__buy-an-ev/v350682872_215c6489ce98.csv,0.94085,public,jimgruman,56327676,350682872.0,0.9676791024328244,1279.52572,866.0,0.2585671805374048
public/kayrahansarn__notebook221e65fdfd/v350677130_afbec07578dd.csv,0.94082,public,kayrahansarn,56314500,350677130.0,0.9817923968476561,866.34896,534.5,0.14566082521875146
public/obiaf88__predicting-electric-vehicle-purchases-tabpfn-3/v350918570_891924c130ff.csv,0.94075,public,obiaf88,56353993,350918570.0,0.98337970428759,838.41536,539.0,0.13296236569927977
public/talhatursun__s6e9-catboost/v346683873_1a72a596a9bb.csv,0.94075,public,talhatursun,55955737,346683873.0,0.9822757786492059,868.21708,558.0,0.1417937708063528
public/obiaf88__predicting-electric-vehicle-purchases-tabpfn-3/v351045542_cdf6aca8ba5e.csv,0.94074,public,obiaf88,56363610,351045542.0,0.9823913391543372,853.93612,545.0,0.14086928676530253
public/bogdandoicin__lgbclassifier-plus-feature-engineering-and-optuna/v349859052_7787f0337754.csv,0.94073,public,bogdandoicin,56246389,349859052.0,0.980367364799456,946.81364,643.0,0.15706108160435228
public/esraaalsaeede__ai-soluation-using-catboost/v348064340_b8af3e27cf5a.csv,0.94069,public,esraaalsaeede,56186536,348064340.0,0.9836505189938057,835.86556,538.0,0.13079584804955413
public/gopikrishnan2005__s6e9-catboost/v346567288_8e829180ea8d.csv,0.94068,public,gopikrishnan2005,55944445,346567288.0,0.9817417894654219,884.21588,567.0,0.1460656842766248
public/giannhsstamelias__s6-e9-rigorous-eda-to-multi-layer-meta-stacking/v346985196_3ac01bfe64dd.csv,0.94066,public,giannhsstamelias,55982221,346985196.0,0.9746938767631534,1092.29808,712.0,0.20244898589477245
public/marydata__electric-vehicle-purchases/v346863743_0357de4d4ca4.csv,0.94,public,marydata,55969299,346863743.0,0.9736021164250571,1163.22064,799.0,0.21118306859954306
public/chinzorigtganbat__s6e9-tabm-nn/v347713660_5712cafb73d2.csv,0.93983,public,chinzorigtganbat,56056545,347713660.0,0.980193222981542,973.50844,673.0,0.15845421614766408
public/tracyporter__play-6-9-catboost-prob/v346799589_32fd29fddd43.csv,0.93945,public,tracyporter,55964359,346799589.0,0.977311481806318,1063.50492,735.0,0.18150814554945605
public/mina8888__will-buy-score-93-965/v346559185_6f06aa507023.csv,0.93932,public,mina8888,55943894,346559185.0,0.9755839867635538,1101.8538,755.5,0.19532810589156924
public/marydata__electric-vehicle-purchases/v349924281_f048c7eed502.csv,0.93926,public,marydata,56242091,349924281.0,0.9799759169178867,999.16704,699.0,0.16019266465690674
public/mdintishar__evprediction/v349545428_1b77bab97b6a.csv,0.93898,public,mdintishar,56209262,349545428.0,0.9646555653867859,1285.154,848.0,0.282755476905713
public/hermitsays__probability-of-ev-purchases-xgb/v347758588_650821ed38f5.csv,0.93873,public,hermitsays,56059729,347758588.0,0.9750680820218052,1054.43736,688.0,0.19945534382555863
public/amanatar__s6e9-ft-transformer-pytorch/v346982931_494375a9ccde.csv,0.93829,public,amanatar,55980076,346982931.0,0.9759481577174118,1026.10056,668.0,0.19241473826070532
public/amanatar__s6e9-gpu-random-forest-cuml/v346988145_4e19a1506a61.csv,0.93827,public,amanatar,55980351,346988145.0,0.9597361446980586,1396.37484,917.0,0.32211084241553145
public/amirhosseinkarimiee__lr-extreme-learning-machine/v349115898_ca3e683b026d.csv,0.93812,public,amirhosseinkarimiee,56178410,349115898.0,0.974156220940981,1072.17524,703.0,0.20675023247215218
public/barbagrande007__bbg007-nn/v347468824_a79d91fc6a07.csv,0.93797,public,barbagrande007,56032402,347468824.0,0.975203325848572,1054.94864,697.0,0.19837339321142444
public/codingmaster24__ev-probability-prediction/v346949675_608ea657665a.csv,0.93795,public,codingmaster24,55979593,346949675.0,0.9742492183936541,1079.9516,715.0,0.20600625285076735
public/amanatar__s6e9-pytorch-tabnet/v347053523_af21598df5c3.csv,0.93789,public,amanatar,55999477,347053523.0,0.9747432778469397,1050.88684,673.0,0.20205377722448237
public/yashpalthakor__ev-prophet-a-pytorch-tabular-ensemble/v348197615_47b4c840d3b1.csv,0.93787,public,yashpalthakor,56096553,348197615.0,0.9742192097248258,1087.8132,735.0,0.20624632220139372
public/amanatar__s6e9-tabular-resnet-pytorch/v346808657_0c73b2afc823.csv,0.93786,public,amanatar,55978199,346808657.0,0.9735071685272704,1094.2764,719.0,0.21194265178183702
public/pavloivanin__quick-baseline/v346530788_411aa0543654.csv,0.93786,public,pavloivanin,55942693,346530788.0,0.9690651275087498,1260.61548,886.0,0.24747897993000123
public/beraterolelk__ev-purchase-pytorch-tabular-neural-stacker/v349258925_0d288e83fd09.csv,0.93785,public,beraterolelk,56184867,349258925.0,0.9745949171784142,1070.47164,711.0,0.20324066257268658
public/beraterolelk__0-9385-oof-ev-pytorch-tabular-stacker/v349258925_0d288e83fd09.csv,0.93785,public,beraterolelk,56184867,349258925.0,0.9745949171784142,1070.47164,711.0,0.20324066257268658
public/nilanjansaha123__hybrid-meta-neural-approach-with-updates/v350537009_f399e99985d5.csv,0.93782,public,nilanjansaha123,56302432,350537009.0,0.8834134378376469,2525.89504,1616.75,0.9326924972988246
public/sarveshchhetri__pytorch-ev-purchase-prediciton/v350617502_1b44fd799aa4.csv,0.93776,public,sarveshchhetri,56309309,350617502.0,0.9737476838062659,1085.17828,719.0,0.2100185295498731
public/leneen__predicting-electric-vehicle-purchases/v348274497_e40470585ea3.csv,0.93774,public,leneen,56101543,348274497.0,0.9739183791505595,1096.56952,740.0,0.20865296679552436
public/amirhosseinkarimiee__lr-extreme-learning-machine/v348885653_f963b7fe139c.csv,0.93771,public,amirhosseinkarimiee,56159365,348885653.0,0.9715234143043201,1170.25808,801.0,0.2278126855654392
public/samuwar__electriccarsvalues/v350185385_8f869282192f.csv,0.93766,public,samuwar,56268098,350185385.0,0.9650227897905145,1342.05924,914.5,0.27981768167588417
public/sabitaljuma__predicting-electric-vehicle-purchases-0-93-ras/v348044143_61d396e1a16f.csv,0.93753,public,sabitaljuma,56082870,348044143.0,0.9726332609318881,1129.94968,763.0,0.21893391254489547
public/keisuke20040529__evp-simple-logistic/v346927655_4ddaa175ffbf.csv,0.93738,public,keisuke20040529,55975812,346927655.0,0.9734077897103434,1118.48268,765.0,0.2127376823172531
public/shivamgravity__pgs-s6e9-baseline/v347354904_522cddccb9af.csv,0.93738,public,shivamgravity,56022312,347354904.0,0.973531800456142,1114.64188,761.0,0.21174559635086432
public/shohan06__s06e09-baseline-lr/v349595612_9164ac079d89.csv,0.93738,public,shohan06,56212837,349595612.0,0.9734273554941827,1117.97156,766.0,0.2125811560465385
public/vinay24baghira__buy-or-bye-cracking-the-ev-decision-0-93738/v346443790_fa33bcbf3c10.csv,0.93738,public,vinay24baghira,55934452,346443790.0,0.9735046533702745,1115.6406,763.0,0.2119627730378042
public/vinay24baghira__buy-or-bye-cracking-the-ev-decision-0-93738/v346448839_fa33bcbf3c10.csv,0.93738,public,vinay24baghira,55934846,346448839.0,0.9735046533702745,1115.6406,763.0,0.2119627730378042
public/shivamgravity__pgs-s6e9-baseline/v347655987_aeb34c819100.csv,0.93737,public,shivamgravity,56050177,347655987.0,0.9738347303228665,1103.92124,751.0,0.20932215741706806
public/prathmeshkolekar__ev-purchase-prediction/v348584556_782eda51feb4.csv,0.93736,public,prathmeshkolekar,56127747,348584556.0,0.9735932499456482,1112.30644,758.0,0.21125400043481424
public/datascientistsohail__predicting-electric-vehicle-purchases-version2/v350903780_ce68fa616a20.csv,0.93723,public,datascientistsohail,56338776,350903780.0,0.9146318238778958,2089.80928,1246.0,0.6829454089768339
public/irfanarisani__are-you-gonna-buy-ev-ft-multiple-algorithms/v349173004_2c06f155520c.csv,0.93718,public,irfanarisani,56177912,349173004.0,0.9729848320153104,1129.78724,776.5,0.2161213438775169
public/gauravduttaiiitb__org-autogluon-extreme-quality/v347304886_3750e2d6820b.csv,0.93717,public,gauravduttaiiitb,56018181,347304886.0,0.9716047247674628,1161.6788,790.0,0.22716220186029723
public/gauravduttaiiitb__org-autogluon-optimize-for-deployment/v347299941_6e1e059b704e.csv,0.9354,public,gauravduttaiiitb,56017475,347299941.0,0.9646555933479387,1354.28984,978.0,0.2827552532164903
public/amri11__predicting-electric-vehicle-purchases-r/v349260590_853e224039dd.csv,0.93465,public,amri11,56193896,349260590.0,0.92878295309099,1954.10096,1315.0,0.5697363752720799
public/pratik2901__drive-green-ev-purchase-propensity/v347792623_3018a22c6d56.csv,0.93426,public,pratik2901,56062293,347792623.0,0.9614322021573989,1441.67128,1054.5,0.3085423827408089
public/piratesofmonotony__for-uma/v349675917_1bf1f8884a44.csv,0.93199,public,piratesofmonotony,56221296,349675917.0,0.9478407749420952,1673.4104,1196.0,0.4172738004632386
public/jimgruman__buy-an-ev/v346452141_a1d887ef9bf2.csv,0.9256,public,jimgruman,55938337,346452141.0,0.9436992578808377,1779.2372,1327.0,0.450405936953298
public/jimgruman__buy-an-ev/v347012306_040148265fc1.csv,0.92547,public,jimgruman,55992591,347012306.0,0.9434579207679936,1784.21112,1335.0,0.45233663385605105
public/jimgruman__buy-an-ev/v349159953_2242dcb3de69.csv,0.92547,public,jimgruman,56179955,349159953.0,0.9435089464544684,1780.55436,1330.0,0.45192842836425307
public/bnzn261029__neural-network-diversity-realmlp-pytorch/v349612327_0dbfa3f633ae.csv,0.92365,public,bnzn261029,56214176,349612327.0,0.9250828301229981,2108.49152,1622.0,0.5993373590160154
public/piratesofmonotony__second-trial-uma/v349695009_7d81c9646e22.csv,0.92144,public,piratesofmonotony,56222819,349695009.0,0.9317146591376029,1988.30128,1513.75,0.546282726899177
public/rohitt94__prediction-best-starter/v349237942_22ad6869c26f.csv,0.89899,public,rohitt94,56183660,349237942.0,0.8272394684181152,3159.83832,2453.0,1.382084252655078
public/jimgruman__buy-an-ev/v348825215_65d9c426ed3c.csv,0.89827,public,jimgruman,56152149,348825215.0,0.885568047611425,2374.00184,1497.0,0.9154556191085996
public/jimgruman__buy-an-ev/v348885071_32e85d2f1b1e.csv,0.89606,public,jimgruman,56157701,348885071.0,0.8785082694748146,2449.78448,1573.0,0.9719338442014829
public/animeguylrn__submissions-playground-series-s6e9/v346584968_a4b576c33f47.csv,0.87908,public,animeguylrn,55945739,346584968.0,0.7232480162562064,4461.94336,4469.0,2.214015869950349
public/animeguylrn__submissions-playground-series-s6e9/v346586698_c06675f8bb2d.csv,0.87607,public,animeguylrn,55945845,346586698.0,0.7172189489388126,4485.79272,4329.75,2.2622484084894996
public/rohitkumar211987__predict-electric-vehicle-purchase-by-random-forest/v347174667_ea045783ba36.csv,0.86563,public,rohitkumar211987,56007293,347174667.0,0.6788106215189471,4659.84184,4170.5,2.569515027848423
public/dharmikpatelpatel__prediction-of-ev-purchase/v347468916_b182c588e31c.csv,0.84256,public,dharmikpatelpatel,56032207,347468916.0,0.7937170531136362,3827.79036,3520.0,1.6502635750909107
public/dharmikpatelpatel__prediction-of-ev-purchase/v346999697_c615d4eb992a.csv,0.83499,public,dharmikpatelpatel,55981286,346999697.0,0.7718904023159068,3887.37996,3390.25,1.8248767814727458
public/balajivaraprasad__knn-model/v346461811_6725c3e2b89a.csv,0.5,public,balajivaraprasad,55936276,346461811.0,,6250.0,6250.0,0.0
